Data Science,https://in.indeed.com/applystart?jk=7c36a0a4fc2f6523&from=vj&pos=bottom&mvj=0&spon=1&adid=405392129&ad=-6NYlbfkN0CplfP0fMVa5Zi0Q9eSrBV9a-RPkMJuy4ofFjWE5uZQESSoP_bo_TUdmZHHUshw9SEKnq6cZXCHUM2mQKuwoK7IESS-ikm_AklSHU1koSfyJY0GlF6kfjASmUTlSNcAddqCTJfgec_F8gEE4oevE_w_v9wOTRYLdGDsqwxnKnEV4rzbf1t39K7NQQYwYi41nTGGf5xdrjTwTs7DyVwDH0NwF59rsEPvUiSMXvZksfWYlNqYIpnPGMyHcHwz1PE6fiWyE9X9jbGeSiRpeECnpIlPc-MUn4v_FYTvC3SFZ6MCTj1Hmfs6wE4GWGyLES-Oc83L_8_1ck4z2VwT0wA636VSEvWQCSitEKXZdJgrsFZbwrt0xnaHCgxeggrA3lFTazllOka6IOXmUMSlkHpfN5_4Qokdl8RQ9YPvMXK1XgiBpw%3D%3D&xkcb=SoDp-_M3SvcmYJR_p50LbzkdCdPP&sjdu=QWF4TUFyrHvH7u082A4fa3Z37SO836JhoVOMfhEgAr8&vjfrom=serp&astse=1d1f00bbfb376a6a&assa=9056
Data Science,https://in.indeed.com/pagead/clk?mo=r&ad=-6NYlbfkN0AWPaG6zUvxHJGCQsqjhjZMS0FXBEuwlBpQnxXT4ieSaDB8CeeQ5J1cyWDJTYpQdfdy6K7JQz_Xr1nE3Dw2TcRKUWYvlqY9NNCHK_VWrNkiWcCOIv-Bj4sgWXlZ7MZ9eOdBDGepNtfzg2M-lyOy_ZVcNpJFJ2Qdpe4Dw4fohpXjp0E4Jk0abXUXeeFt-G-9cIRiNfcnCtQJxAVBlcHNhxwCUKCcw9V2mhHfUq0eXtd4aH04dFUXeNep2tTYKU4TjLVlveYXGCz44Kmzqo7Zpx4X47Mzlmy4gR7IJPZXbMXtU-oLotOPDmRnOA6nPaQHJ_Zk2hOD0Bn3jvYojH6UhLUZXo9x7uSfK0iZyyxM0UOc89DpQzrwwbLxqcJnKyxUK57swri7J_d7H53xWKy7W2bjfYvqh5zQKazjqchA13KUEEc3pWYX86u14UZVHqdIMEZhyIUsar4kEvnvl1_rumAUcBvy7ngLAU8PXC5-DQBgcHkB5xKIm_T7er36KTkY8KgM2-L9WNUQVG3SUfomO5tMGiEICVXKXpw=&xkcb=SoBd-_M3SvcmYJR_p50KbzkdCdPP&p=1&fvj=1&vjs=3
Data Science,https://in.indeed.com/applystart?jk=c7808cf206d4edaf&from=vj&pos=bottom&mvj=0&spon=1&adid=400782304&ad=-6NYlbfkN0C0E1kVSxZWqg_3rwn6zUnYbszXdTQpf9L-zhTFANv_MIQa4zqo0SOUsw3GBZa1Y4V3tB0yzv-Qh7lkdaZkGB-r4dAQjxeJnVfkYd_ayry9nIWL36Wi1adMvKBj1L8WU3xJOhCoZKCIK94t9R5EyP-InIOVUi93mQiubLiebJWMu6uC5eBgawDtOd8KHvVcfN_5nuzDY0SIPX0QpesgpvhGCSFj4lEsaS0GXelevFVra_WcYsQoRkoNypgNDMvscE3mKzdItQy-iPPj2Z78XW5z8wFPc-Z8mkxRWe0YcPKxMhiJg2C6nvDB9LaHx6jT0Ct7MEVfL-vDnEU5oGInwiHM5ja5_afyxZa8ScEVqpntbF37K2hwBBBsugLwkWrKrKdq3BVRBg2VF_y9paZZK-LEmaJVDHQKk-dl_kiSf186pw%3D%3D&xkcb=SoDA-_M3SvcmYJR_p50JbzkdCdPP&sjdu=YBhEfo5-1-BCc4JYsYsKDykR8jE2y63mQ4Zxbw6uq5PRkPPEiRpdDM8kilRqAcTUwDoTt50WTvaLg9oz8QP2kUQIUbcOacvPUZiSXCEOtmM&vjfrom=serp&astse=2450ab334cb0bde4&assa=5613
Data Science,https://in.indeed.com/applystart?jk=709a6b1e15b9de3c&from=vj&pos=bottom&mvj=0&spon=1&adid=407866692&ad=-6NYlbfkN0B9Z5kUrYpJSl1jY-NmjPX7HlwbyZlOtE5lNuYxyWYp6wH4w4oCjnyWj2mpoyouuSbZ8vDwAgB78oOMiH66oJDve_SQhK4Qm8maQABqus7Z_ZgTqyMKwSd87AVgMRZluu9x1c74w6_HRlqNFR9bJAMA9aGBj8fna7zTYjoCGJp291nKRjKJyLeSCoBKISs0cXDzJixNBjWSKS0sM_ABdkjYHzM406I0EfjqzzPpJlWiuvCnKEyYIN4O1G7XVvu8ikI0JOgqHXePiYaOcX82dVDDh-2_EI1VFR7h_0ozT07lFBDqwQuSdmIPf7ffpO9q_-MGlxuBEQz1zRkaJL2IQJb4TGl_NorNVUCXLst8W3004MlEKIIV6LlMBDvK_RA-KrSVgmFuk0mUrjJ9zQHozNls3RGRVzekc6uqDRaORtBudtHZWrwvQbbl&xkcb=SoCs-_M3SvcmYJx_p50LbzkdCdPP&sjdu=i6xVERweJM_pVUvgf-MzuXEmTX_rlOCHKgD6sn2Zo6nXN5aLmPijKjHlFV5otePhk48SsySfH8gzkiE_nR8Msg&vjfrom=serp&astse=ca9edebf06be6606&assa=7613
Data Science,https://in.indeed.com/applystart?jk=654fa811b3687e6b&from=vj&pos=bottom&mvj=0&spon=1&adid=390331268&ad=-6NYlbfkN0B43eg4-sK9B_ugv4Yw687kIhvWsf2s6ITNA3gq9xSIxuiAroGKAU-xVdysThJ8HfUClWkzEYZXrYNgXfrkVxLthm9kuylOa7JbJ1ZCfwidS9GUw0EYzWvT4XRzRobJuKlA3qiLRoy76ZoXzCmSoN1aztro5YXLGupbqKVdpbpj_Oe9OHas3XrL-s-ZotbQqP2UnJfYiAI-on1ZdthaR0I9P8skdSmqcOaaw5_vocloJfkRkTLdY69kCbmeN7fRb24NgUEwR1bydg1S0CUKXYHo1_ivBAtc32wGy93DoNmJvUYeNEfXZos8nSseTqVUIMz1FKQm4IcBMML7l_HG63E001O09k4w12yUIKpHWg_Zn_UiwNDKJ27ofyZfXStko0VFykCdqyNe224BrqcvVXTFL-SqlT31XQmw8vc5T_EU2vJ87-wUFna9&xkcb=SoAY-_M3SvcmYJx_p50KbzkdCdPP&sjdu=d_3z2yfoR0I_fLLSWq3-TWuKTjOP3cmUJIp9mObV4GJUnqR4tcZaKp8yyFqGz_9KP5Jq04aSIyXjD3fgt-y5rFkzxBoqqZ5g6c0ylm7TugM&vjfrom=serp&astse=5dbffbcadb5c7563&assa=9785
Data Science,https://in.indeed.com/applystart?jk=23766fe283329fe5&from=vj&pos=bottom&mvj=0&spon=1&adid=400194605&ad=-6NYlbfkN0DUIUKNmkO9eplQBWgjWtyZTeBIvNV_K-f7eYqnE-qDJ8bApFfch6MTIOLvSu3-seF39CTVsKHcwfqeb3zWAixVuUSKXqM58psUJQrmPlPysX6-IVwPlsLtKA_J_1UwAZioQCm1RrgnXh9hNBiULZVRnWgdB32MiIPWZFrR-g1eBs-U1KR90n4Wku2Ed7YpDdjJM3TgxbvqWSXAOxBxayruUyuZ6NB9_UO3xcdPPzNlCj5GHlW_tWWu8dUjcnlPGWa31nd2kvDMTaiqulJ-OHknLCCwX_7hBKLYD8Wsp34KGqXGJ0yx0R_udpF0IfnYT4qY43-ucO7kydAu0aLvanVB_Wk00PH05I86VLN5ds-q6eE_z7L5B3x0_AUrNqhcVEg_HsLzrYfOLUebEspFTkNhukwaStl7Gw5UaaP2MF20sg%3D%3D&xkcb=SoCF-_M3SvcmYJx_p50JbzkdCdPP&sjdu=QWF4TUFyrHvH7u082A4fa7jIo0CoM0zm59xDIRtyGIU&vjfrom=serp&astse=bc0af47c5cefe410&assa=1901
Data Science,https://in.indeed.com/applystart?jk=1dafa4b0f3e4fd65&from=vj&pos=bottom&mvj=0&spon=0&sjdu=BQ1fOKU6SMjz57AxXCzG64DDplm6SwWjHcxyoDIphKkoLjKc0XW5zGOyqurn7bytkN0wkll9wDHc3mnStM4Hmg&vjfrom=serp&astse=3d612ab226c90d4c&assa=4075
Data Science,https://in.indeed.com/applystart?jk=7601be2d476a4c9c&from=vj&pos=bottom&mvj=0&spon=0&sjdu=BQ1fOKU6SMjz57AxXCzG64DDplm6SwWjHcxyoDIphKk9zoeY33Kp3Uy8J-3K2-_4kN0wkll9wDHc3mnStM4Hmg&vjfrom=serp&astse=5a88a0e16eb97bda&assa=5680
Data Science,https://in.indeed.com/applystart?jk=d34bb62fffd81910&from=vj&pos=bottom&mvj=0&spon=1&adid=400194605&ad=-6NYlbfkN0DUIUKNmkO9eplQBWgjWtyZTeBIvNV_K-f7eYqnE-qDJ8bApFfch6MTIOLvSu3-seF39CTVsKHcwa-8BmF6ZOa5et6UbLdJW7BK-5jwwnX7loN4Z5kBp7p8pFPQdzMs8G5vJ13gMfPe_YTflD44tFk3TgNzA8KUzovDUoWnF5zk3HEQuI5vbMtviQa9UqkAcTJtogVF6ramPkXd-7xVZ1Ocuio47vxWZY_QxA7tlcZivN4G11MSSd-uclsilzv0FmIVfmWP3vrTqWzBPfPCOaU1xI8_VO7oB5n3e1ysftPSXOjb-POLnl4_g1VW4i-0gGlfjWdZ76tO2v6PAHqfz_0jBPZ_3fcej1FRuxFEfhmCrIrFuJd6kujewIBew5M48kXYxiVHeDsajf94IGFwpQmZT9mrZ8daVoVLcx4OtYXftA%3D%3D&xkcb=SoAL-_M3SvcmYJx_p50ObzkdCdPP&sjdu=QWF4TUFyrHvH7u082A4fa0gpXf-1DBoARm2IERAPyRM&vjfrom=serp&astse=f0a225d3b4e24734&assa=8067
Data Science,https://in.indeed.com/company/Ascendeum/jobs/Assistant-Data-Scientist-80882eb80be84f27?fccid=550bb0deaf6f9c61&vjs=3
Data Science,https://in.indeed.com/pagead/clk?mo=r&ad=-6NYlbfkN0BQCp_0pkD_z_NGA4kvmLWJfNH60sNV6_OhP4U0fWvBR-cJ4BKKwe1xg3IB73jk_usl-wW7Do_zwO3kVJ17HEPuYxv0AweMFienYYV1ppJDqcRi0vBFnPrGa-WJqef3PmuktF4Gbl-LAUAAVc2sScALeicFPEiTXMePWX3rudFxAv0rLaRtjeg7XHL9jTkQSByQ2VGyKD0lf4sb_OC8jtKbquqjfv8jnjjy7G8bjVYSgOrzM92Ey5H41BN7IhgvAiqdhkOAQ0_tD_WgF6-ZICJcLqEYEkWzb5Nh4w05eHWdUPDobBzNfASGsM_DxdnFnyj6rOBjIiurnJwFZIQPeSql0Vtq41vuwfIyKAm5bMT_3l0Rb2UDl6lfwI_d_79BraEEF1mQSesDPMSmoMRpQ3qwQjR8Ys-W-dY66WI64Janu27hiCiEL41WAZdSd2ewIsWWMeTLajZmLsHovl8abWWl9p0TE_kq71hoWL2hBMNW7OOIhHFTGa2AuY6soKyM0_t2q3roTvtT5uQY-Va-8Wn6&xkcb=SoAi-_M3SvcmYIR_p50LbzkdCdPP&p=10&fvj=1&vjs=3
Data Science,https://in.indeed.com/applystart?jk=e827ac4fbf1cefaf&from=vj&pos=bottom&mvj=0&spon=1&adid=384833002&ad=-6NYlbfkN0Cnv8zGCAgTiQdMuvqUTT9UKapvG0dKzrSwvqJMyCSdXZM0Gmn9aNwKRDrpCxqF6p0vUp1h9whgktM0ZElVV1g6vUR4BF0-gD6RwsmEF4MjyS-hrEiD_Zp0nGEbeuPv-V8Z2-BEMNoe0DZKPUP_napICFMwRukVye9fuXULwKTjmA1EJEPTaA89uZ3xggKYLIxoZgALCrOmNF99ZX4eY-DzY1Jlw8_2iUKUsP5FpTSSMKf7gQhXXVwBeMY3hk-_ooqFqtnzGo8hiwwcHbd0URowReBq8nMnX6lQLxajJh2B8_wwWfzrmqQEGFl5X4P89i7ZEZbOQidDXlT3V_zRKM7Jw3GCPcXxRui-NW3en2pDnFrLyDObjFnsCF09vBjh9Kav5zvOgQgsna0QjNcfjru_GzQi3DFRgiTpBadj0_migA%3D%3D&xkcb=SoCW-_M3SvcmYIR_p50KbzkdCdPP&sjdu=uYf7qRTTr5tl4zqZx1pxJhhiqP32qRe094zbOy020FcS0AbzPckIeE3iraTLGjNIjtvxmdyiI9aIMIoxmiI7rmw8lJeNh8CQzsEjY-8vSHevjb9EqhPGHiIjXU_0VuOx&vjfrom=serp&astse=df66de236a74d17d&assa=5880
Data Science,https://in.indeed.com/applystart?jk=f043012ee606200b&from=vj&pos=bottom&mvj=0&spon=0&sjdu=BQ1fOKU6SMjz57AxXCzG64DDplm6SwWjHcxyoDIphKmhG7crnLgurl-QJndIB6BIkN0wkll9wDHc3mnStM4Hmg&vjfrom=serp&astse=8908245e0c7b72ee&assa=7807
Data Science,https://in.indeed.com/applystart?jk=4ee5edbbc0308cd1&from=vj&pos=bottom&mvj=0&spon=0&sjdu=BQ1fOKU6SMjz57AxXCzG64DDplm6SwWjHcxyoDIphKn8OjTXW4rPmI-B8bcl5tkkkN0wkll9wDHc3mnStM4Hmg&vjfrom=serp&astse=a05bd64c586800cc&assa=9757
Data Science,https://in.indeed.com/applystart?jk=87a38e048bc40e5e&from=vj&pos=bottom&mvj=0&spon=0&sjdu=BQ1fOKU6SMjz57AxXCzG64DDplm6SwWjHcxyoDIphKljLDMzdPNjJiT2h0k2_3MBkN0wkll9wDHc3mnStM4Hmg&vjfrom=serp&astse=9c59161acb473009&assa=1232
