,Job Title,Company Job Title,Company Link,Company Name,Company Location
0,Data Science,Senior Clinical Team Lead,https://in.indeed.com/pagead/clk?mo=r&ad=-6NYlbfkN0DPts0BZf5RUYLDzn3w3ZnJ6tvKFkWy9R8DmKHR3APzNcd0ip4Dvvec9y0ZCWRjgI5vac6ygy9Jyqv6kuEcw05-xlC-7UI95C98BN07b-VcCFci_hdDu7GbNa7LGXr1hW4VAGiAYj4SfLDqGg08Ksg5sPG7d8b4eEHqEKP-jw2auKbYLa3lGWwWztavI8GqkHR9IK4dbBV_uD3JBhzfPWGnKdg2Zo6BylsR-0mqPin5sMjcrwg5szhByboCOazLeFbmZiqlTvHsPt2aUuqIHz-MLUyzDtNGDdFx72VOyGgdzDd8Chm7LEPRUi2Rac4HsDG3blC2_NopmzcQRxFnOiH2yzxTfQaSRd2nsLM5hDr4CbSN5kXPKkhYdnHRj3MISOhJzlnTYgwcVkXw31icCc5bOUJkxeAGzfABgKvBozDfc3girBJ4hvmc5okyELNFjppDUmRI8Ubo_-mNV5rv_fWiLkPjxN2qEqd3lisytk8gHrxvUmU7YMcUCtEhe9LFJDIMERot2KWW5gvzbrs7ex2mxI7JeYo1y2d_Yp6d63WxMw==&xkcb=SoAJ-_M3QIS24MxGox0LbzkdCdPP&p=0&fvj=0&vjs=3,Labcorp,"Navi Mumbai, Maharashtra"
1,Data Science,Data Science,https://in.indeed.com/pagead/clk?mo=r&ad=-6NYlbfkN0C0E1kVSxZWqg_3rwn6zUnYbszXdTQpf9L-zhTFANv_MEy3-TDTKIO3vOAnPNI9rvuER6vES52YFRK-7XFeQSKpXy8WjaV1K4bHzM1eyRGpJYd3RHfbjd2jBAAWe8aCdDCXqsO8eaLz7k2DvSZSVGvOuHGR2GOcT0D1ufM7vAuaGtU1ZBRCVM1NOUpn5sJJq1wrS8ZA1EsbYUSjL3uBu8k3ZKmv6dG5-t397U4z5uo803b5hLua9r0bTIfQw3yoF8D00ao-ghFQERjCmVA7v-E1dEIqYUfThkxvEjyhVMUD03n3A5bHN6KzPJL9FFveOtv94PlY6ZVU4b35HMa9t3PEsdB3fQfDT12o1Me907D7oXnVSgcGIQ4sQorAdQdzqU8fmXO9ZrXqYuL4CCe4LVB00ViI_t-aJSIxYg7Zweq0jx6WgNDdj-tRDkuSSIcEyh9eLHUJrQt-AHCIKNXDGgnSBnIApZnO81Uf8JeWV-vhzVLcsfwX9jVD4B3ALGUEUgzU7j6Kg4hHpD54X0lHrqlwY_BY4ipZQG2VnIqBwaBV3jY_LvLFvNhS&xkcb=SoC9-_M3QIS24MxGox0KbzkdCdPP&p=1&fvj=0&vjs=3,Infosys,"Bengaluru, Karnataka"
2,Data Science,Sr. DevOps Engineer - Observability,https://in.indeed.com/pagead/clk?mo=r&ad=-6NYlbfkN0BWug6gvaDrKE_xqA98tMcayc5-27cNW3yaEpb9ne-uV1QXdjkXBTmmpBE46L3bBC2IwLuccetFrmV1-JiVHtMF1qZUrFV18CLJVbnSq-DqBvhtpk75KbxQEFEJAakJ6CW0p0HCunVczJFgX_6s2zFcda5jpiwKJz9TjouxOkN7PVy_8dMdw5oeIimxPR0dmQxMCvTJ9Au95moT_RzBXKgftr5Z2wJB-ftiX2xa16wZwP0PdLFr2vuU7W1GAXlbP0vwH8_v6bUGNofKTRy-h_1ZF057wV6BJwQJAIQaMxE_sgieBOZwXRcAd_fYEyAxFmUIcu1HACkDfIeKcWSvLjkiJx7uGWxffQoGhv4lcn8STH2j-BXzDRJe7x4DFplxhBWSMcoFlMW07yncWGiZIg_zc2ezdjUdp-R0c8dpA1Q2UD7V6kf7680b1aRMdiQ-KZdQPltEKh5ThuCwNPK7Fg0yg4_xhEgyxgniK2sPFR_Y509a8EWsBAGUs-xANmhGIM__DMqNUweXGL5aWJtfC_lCX8PdnLYo5qKyjYmxGikdMAoke9PJiKAeyWl2BXOceNbmVsc-HLJwuKimoTkcOmLeCDyB5A2_sPB8rO2e2vuI24U6dGseBihAbE85pyYLq_x5h2xjpafo9sDAyjdReDftpFHvRkgBlfut6A80nBdUQRDRXXObdV3l_WwInL8Rarc=&xkcb=SoAg-_M3QIS24MxGox0JbzkdCdPP&p=2&fvj=0&vjs=3,SailPoint,Maharashtra
3,Data Science,PMO Operations-Sr Analyst-Hyderabad/Bengaluru,https://in.indeed.com/pagead/clk?mo=r&ad=-6NYlbfkN0DIXU_djF9v0NrX_xbLRwj6RWFeuMEgTY6VvwKgvleOVEMH6N8XB8ugTc3UeC9e-vJaVplRS1hH3a3JZcpF2uokIq1riCJRQjfnwyWCvLYEgVfhV7KatEqhOUVl8AgAgUz5aAI3GhUCBlDiwIuEsqjqUBv-dHSw5xxRzcPiKss3kUdBqGYjbXvEA8Cnd8zS6Gwk278XraQHguSO9qhNx7NbZ401faF61ApeCxbgcr5EAcyKGbDYJ8fha_E1TKED0wDZ2PcQdWic2EFhDlUEzMwDgFX31NOG7DCwFumpwey2W1WorPpBBZM3vlcObZ1dP_WeAIyX2Duf8jwYg2vWXJnANyzviF1Ci6U_BhT_P5bwMxsZFpXL_MSDEdmR4-IPbCIFCyXSy_92Wk8zWKGS95kdBvxHSF6kDVe4RnSiFAUBV2uozds5ZQucPzY-bPwC0Cny37Pg0fN4a1PRMhaRLTTn1WNv2kG3DOOg3B3bmGvki6Q9dEMH_xxBnWTYIeRtyv-R5kg5JJ-MhMl6m5712VXXR-ndK8hUe9UFrkN0rLlRtemMwO6TwNFFuzbFehbhDXBKC110rS2misYHpNS9JT0JTZD-q5xOG4EXubDVdx7XsBTjsKD0d20DOF8POzR8DL4=&xkcb=SoCU-_M3QIS24MxGox0IbzkdCdPP&p=3&fvj=0&vjs=3,Deloitte,"Bengaluru, Karnataka"
4,Data Science,PHP Web Developer,https://in.indeed.com/pagead/clk?mo=r&ad=-6NYlbfkN0CjxIkUAm65iVK7RcxY5YHJNYrhEaFD2dNZgDNct8duGjtyMwwcS3hVxLWJRXTufaNiB9zmeyR51YuQlatLhL3lILFDMrHDhB0PGLupw-j0trmZslXtGuPhVqkeDUtux0anXdH2tiTVhjmpJqr9RU7BaIKzXB3G2aw-xeYXkhbjWPP3W4yJ3zjgYMyhS6JWvRABl5wL3dq3T_2paYG4tTQZLL5A0WjyXbwfJH2b2w3E536kirOLk6EolLohiiSfbKhz8choQq1fUA-m7VxvOU49kDEismibBRwU3eqYB5Fh6ojfxq95lfnpB930rUmrRoKWyjJNdSzfq4GFmiQWHxv8UPMM1y2s_cHgF3Z5sxWk_TTOC9bJzfyt8ly7nm7wh1S_0DgCRoohfM0UPkrt7lVxde6ZTC1QXwDFp7OjWi8azsx08AvGeUhfJOz605NTbchl_1DtU6J83KPmODfQIEMFzjJVtzBIWxBEDYc4rOrW0GFziCis6XnRlPtNZXpbbeaTuKwlJZ0V_g==&xkcb=SoAa-_M3QIS24MxGox0PbzkdCdPP&p=4&fvj=1&vjs=3,Lotus Interworks Inc,"Remote in Kolkata, West Bengal+1 location"
5,Data Science,Data Science,https://in.indeed.com/rc/clk?jk=87a38e048bc40e5e&fccid=9b58c0acb36ad6d6&vjs=3,Globussoft Technologies,"Bengaluru, Karnataka"
6,Data Science,MF CA - ETL ADF - Analyst,https://in.indeed.com/pagead/clk?mo=r&ad=-6NYlbfkN0DIXU_djF9v0NrX_xbLRwj6RWFeuMEgTY6VvwKgvleOVEMH6N8XB8ugTc3UeC9e-vIQEZgxzl2fPNvkbZzQ6lpMMWp25vzapEGhHkCEzAG-z7pqBDitYFZ1w8wus25BuAF9Wsbb532P2Ubw-0cHPUSKEm4DKJS3UdvyyC1lsb48BClGFYMCz47Sqw76DubZL5DPDL-aThZ8gB_j8fy-J9HkU0XLISZKTSh-k6NSUWBlq-X6EhxK0o4_mImbRxS1xBnQyKoAOz0q_aVzDfkeeEz9uc0ldbwCvIYm2xCCnSPZ3Ov0QzbxW6tcc0bDBPRy5-_gskpRniNwgNH-BV-T0IpLwoBuXon6ZDlOoj6ob28CPhLypI9t04-wztxx0QO97HIyFfGg7J9IK9sxHyTAO0yGT9f7gzW5Ifk-X999njgL_36RU37W053DZcgGKhPDa6XyWEzvBvx8__ENB-tl8GDR5BUkbBfHm8zpitd--IPiAllQLluFlXYtOFKdgk9y_K_Ylb4tJLBBPjTfAijTJbikiMW3SOAklRpIoKlfK6UJLcangEPTzb_ONhEUeJizrBwS5MP-daAYKoORkUbIl0F7kgdNt6rnHD0CCwFgQPe4QA==&xkcb=SoAz-_M3QIS24MxGox0NbzkdCdPP&p=6&fvj=0&vjs=3,Deloitte,"Hyderabad, Telangana"
7,Data Science,Data Architect,https://in.indeed.com/pagead/clk?mo=r&ad=-6NYlbfkN0D5mXFGwCT9lo97i3gsfTR9iTAPBTm16RjVfbVH6M8QHHWZXGq8N5ykkgKTPmGEg8AHOWnc8Sif917-wp2gKjdZB9QP2rcgyl6FtArL-k8zqOXzwdJpHp8LXuy84zbEcXfNOM0pSGR0P9-lE6VE8X8_0ytwIVx2AboJJsFyMWN1q8zGQLQMlG5szH6qqSyuwZ8CIsAbLAos6SBLzfWtWu7cSZeIBRJFRxuvXC6nXJ7FCtREEWcbXr2p4JyOBT_uLlBLigdxxTlpZcgjgVQqHlfja6Xl1tnMVyXvNVzsknK00jEv3O1Na_0gQRBLiBzMULUoTTbxblMv386BKYN9g6pAchQrj7qjWzyeglmHR-Ht2TPw1_VLLCnBbRk2blDIPaB3zb7TDi9LNjnP_EyGCeABau6n8YJyBT5a69F0zrS6LwVXl6xAA9cMz22cYBFsQZ2vfUGn6z0fbG60C0IM56RiQcmaIIIqIYhZAK9faLwQhHdDMVjeEQvTz87O5735PCjmj_w97onmSgK1OOxm14zg76jzkAnLx1m8lX_K27-v2aMJdnBjKTtrZiVmgsJDw9Uym7Ti-xoXJml_Qlw3cQVT12NTiVXZdY3IbSHce3BvOBJricHMncoMMqkIhUw7EMwRdZ3MS5hbKg==&xkcb=SoCH-_M3QIS24MxGox0MbzkdCdPP&p=7&fvj=0&vjs=3,the Inspire Global Innovation Center,"Hyderabad, Telangana"
8,HR,Human Resources Manager - (Full Time Permanent - India),https://in.indeed.com/pagead/clk?mo=r&ad=-6NYlbfkN0Cp-tUxpNF_mnLPruRv4mksje8qU9WBqGugpzkTKjnzZhNIkCLZLI0qToY36EcG88XBRnHZIzOhWSSmV2yuRzkj-HSTbmEmKWYCix6NQZNtG_cc19K2yiCPNK-umZSjOvqsyhJL-aBv12E4mLlBg2Hg4mHhUBtXTLz51ohAiOqMdsSf8MJT0v8JLvvKSM1LZO9UcVophpfGMkHdne6LnBrEfu1__XQXoNaH9Ja1tmCRBzqlf-Q6VWI4nXUvy02HCwTFivB9CuscXc0t2Qaa2pJ3n8zL5EZNU4kO9HiR6PgKA0SjasDaf_RDnugQla2HtRMsFhe85CI72oBYO0QLHTCgqQ0l6SbPi1dPKG80FJIo9PPohxu5XiaQmkxK2eQuScDk_0jLZjnDK7-Ek5aE2G1J0D1uia2WZ6hrjBVJjkvD2A8qq76FcsAlwdVu5tMLTt5B-Cey7KANLKo09lX1wl7rwdZxlOvOPJhzcGnxARZDHVjzo6kgq8l5Sw0xdXM_xNNnMwGm7y73pw==&xkcb=SoAv-_M3QISzCESS0J0LbzkdCdPP&p=0&fvj=1&vjs=3,BVH Services,
9,HR,Global Services Human Resources Assistant (Benefits),https://in.indeed.com/pagead/clk?mo=r&ad=-6NYlbfkN0BRT_J8tESNZROimpc0WyD7EGfhllYDKcBPIyLxids1TTbUejwmjiSgq72YPe5icDlRtu3fUcJ6o1H90sW3ydBEZcV8qNq_1ytWAKZTBYz8i6KV4Exr9mr11ij6DTZD-lqsaU7paWXaEb8pttaaiVhV5k7kyoNxTzR6XrDfNleZkCYWTuKw3Wm7RgcKdBEPSC-ApDuoA34fFINqju9h6jd6E0kMSj8wy1VGqpUYR-oUYwzNgiZ0jvY18Fm-mswYVYVcYtxCufLSU07nOTL9pyjOHb4V9u6weYDQpq8fmJM-K7bClKH7P1F7rk2M3qR02U_R3cRTcLTwnbuGCpIh1gYSYVt2Zm7NRaa46-a0MqWyZvi0SALKTrTV4utjWHicsUvWzZsnl7knNCbdVJSf7UFd184cFgACzvNxJFj5zFl625fM6QKa9TO3DBVCHA_BGE5OmSnhtGJlEfYICGdIfW7TQoBcO3sDT-Ma596eTjCT-J2Lhnt3ZlniN8o9tgHS6B5_V5EP3O-N_A==&xkcb=SoCb-_M3QISzCESS0J0KbzkdCdPP&p=1&fvj=0&vjs=3,Boston Consulting Group,"New Delhi, Delhi"
10,HR,HR Operations,https://in.indeed.com/pagead/clk?mo=r&ad=-6NYlbfkN0CTWiiRrhF72qora1y03pSgJY1avVi74QG3NkhLzGGsOrM5IS2GErvghWta2TaKXz2FPolXlX_b6u5lEPCDdJYuyHeQur9lflSLLjtKT14lTNYktCsi1MIysW6nd6QMnSe_NH2qeUCefFl2gJa4PtoHH_j63r3NUhnk0rdNb2oNmqXzTU1VqneV6XoD2vzXLq9IX047wxNVWGmcXFm4OnyohtG-qxYT2XhpaZZtT84z3RLTkg2DRRIV66CpA6ewDSjbwQt8_2elpiloVInMei1k5PNmp3BipsNDvevET24GgQRWI6P0L_bdXbLNrfWb7MOrsgkOqbvTq-OicHxrcI-QgrWmlldJuw-f57grWNQf_x3QoKDTzg5ceKWzXduibkwRPvT7ZMYtUtFcU7LQCrCbfKwwskjacWOH0IVEuyr7Ah3tYTGfqQAXgTKyiN-A6b0zAhgqVsSuh6v5_1ovUBgscs4Dr71QwMNsr0825saZAsGCbVEgtGbf&xkcb=SoAG-_M3QISzCESS0J0JbzkdCdPP&p=2&fvj=1&vjs=3,NBS My Manpower Resources,"Dispur, Guwahati, Assam"
11,HR,HR Executive (Recruitment),https://in.indeed.com/pagead/clk?mo=r&ad=-6NYlbfkN0A58Lille9Fu8oDJoC64NjT5Sd8QdVWzzr_CLpHmV5XRWjBVyPcs93n1eb1zlnFcRP7bC3rFLfADiNF8YMpkLiofz5AJug8n612OpeNS6UpGdPWaradFuC7JrD0PYygrfHVT2v2h9IWfAGsAybbsG9AqTGL5fS6T6TXdqD8sQ5sm8bGoU67Ov9plCUlsUtCnUtoO76YasT1bBowMMDxod2859pQUnnrs5hPtZFcmRiGkJE49IEZzVaMS0KuARMW1jYyyi-TPZdoHAEvrt_szN4tTHr8KqGEj5Zr60OpNJfep5lvIJjgWQKhzsru9Gu_Ole69bMcjoXwsFZN8ZQR2rjFtQeuer-aSJ2rfZHdH-K4KoJqglT6QsQD052bck0cpJQeLmzOIr7HDwZYEDaodN9SjI08duZSZ1aBVmZvQJEPdMWODOm3_pfqLJQm67I4spVGk4NHVMrZNOyTvJq6vkuz4umvsHOuGSpRltQP27tKj5WethfTGcanZs8cBIzP4QU=&xkcb=SoCy-_M3QISzCESS0J0IbzkdCdPP&p=3&fvj=1&vjs=3,Igxact Soft technologies Pvt Ltd.,"Mohali, Punjab"
12,HR,Team Leader - Human Resources,https://in.indeed.com/pagead/clk?mo=r&ad=-6NYlbfkN0BRT_J8tESNZROimpc0WyD7EGfhllYDKcBPIyLxids1TTbUejwmjiSgq72YPe5icDl1r2etznQzIN7br81RBeKdu0xPPXkcdCKT5b1zqkKpOAPH6jx9GwlRE0UGzaUvPt1ELf0debslETSoQjWJg4sGDXrkPla01A2E6Tc8n1v0KZ-wsjFVHTOoyi9OV82IlfZAqe2XHodDRuMcuStvRVBgExpwbednjTkGUrhNlC-B-w3iuQ3a0i7md5GlFLALJtFM_IisubriMTKN8dx3SDx0ZRQLAD0n072Sn1-wp-SonlkSxDMSCfLDNunT3U24iwMWPnQ5No8cgETjHUdO9Eni8F4z_DEU0z-HrhGVpl8wgfZVpvKhMwuCnQ_mJXPmQaMbGo3En5LJ0zxOdhOGXa2X3cor4dFhInj9s60Me7kcW8wVx5rq4JhkJIxBXkZwY1a1DqUFRDIDjoL33ZyMVFjhppaPVSHd4m2hUS3QKrfVri_7tbm1-SlPA0HJ9Qad5uKpGGUrIAc_1w==&xkcb=SoA8-_M3QISzCESS0J0PbzkdCdPP&p=4&fvj=0&vjs=3,Boston Consulting Group,"New Delhi, Delhi"
13,HR,HR Specialist (Female),https://in.indeed.com/pagead/clk?mo=r&ad=-6NYlbfkN0DkBiHgZu4yaxyxG7IlLhE8g8qXo_U93eYPq_OY1PMjn40GKdyTv-MidEv0J-7mXx8i0BjSR4A_rO7aMUXe8gysIe1gm59VJ7S-SMtYfdZysP2BWoaea62XX0T2FUpdxbS8sx9eyKmWTgh-VaDC0F-Necp0cI3vATYjsKkHdn8UC5-8fQ50Yu3m53pcOIvI4dDWJDlTz-WIEEa39qGamg7WDclCtuat58YCl1XHnbf4C8vDP0ojnpTwplRj_beHKHZIvrlllcwdxKwlYacjwCri0jEH1r85gwgRRUoFOqq0vVwM6NlcSpYw4VImD2dq0mup-8tntGJUVNy95vfdQ5ZMqj_kzRVAadaLlHFWlsgEJpq05yXZIEcA_gHys6bvtsl1bPPxRh4W1dvKay1CtxItZwiBFtkXiKxGRzs_CkhgWlfpCWCcQbQNJ44O20Dl1o_Bbq7zAvSP32BxwdMaxonI7mve0rWxyIX8GYBKQ_EbGTUx4SzHlkvOCYZ3WdTee6Mg-SEpjUMZ0NhcC1HsnJ3TqKAajgis6Aj1RL43DBCDTQYsLtUQJl29e0B9ZkfFN-71nVKN_f7KnPUDC38d2lpG&xkcb=SoCI-_M3QISzCESS0J0ObzkdCdPP&p=5&fvj=1&vjs=3,Sushima Pharmaceuticals Pvt. Ltd.,"Ghaziabad, Uttar Pradesh"
14,HR,Compensation Supervisor,https://in.indeed.com/pagead/clk?mo=r&ad=-6NYlbfkN0D1HrGvM3IO11DU-hdc4u4iftvEi0SlREeNwZASq2ihTw1OyUwQHweFIa0sakataLsNu-UjLZvwvoAOc9jjTuC103ADEKBgCg7sd584stG-xkOx_11c_09J_556He4qtdKU5AyL0tFDT_-ZT9_KYS83gwp0ggNzNE_IVRh_2XDwPnPeuPdrMD-j3Y1hO6YJBFk7gY1R7q_7PTq4Bdy47XHqTdBzkA4Fjpv0u0rB6taZPvm6XrVUbkibBjzxj6rdARmNPFa0h9Iem3w9zz-lmeVx-hIgomgzwYp4QcNoZ0FYIfuTiQkuG1cRD3dVev0tVO-8D025x6iNlXNX65A3piLeg6Q8w94OlZ2uqmrB3H6jmHPtpMz0o9ViEg9Rk60UxPxDFEiyckAkMLvxcvCAIjtBfHSCe_OQqKy2kvawzulgO59BiboDTDIDlwt2i5kIql_pMMb1vbQjRJ_sm9IE2xRruMUENzWPX9dmfVkvWWSqxHBPDMOTjsNaUbd-phf5DHj0VCkF1t8ZgWZ9sCp_oysaX1N8__a7fxf9e65jAY7mt1_GdEsHSWFDoMsrVUP3O3iQY7-N9n_7-DHUyHZvSGwj7tIkJNSyA40DJqUCKhf9Oc9b_2rDHoazheiQMlHW10U_ucI6CLcgBUYreKCK07GK&xkcb=SoAV-_M3QISzCESS0J0NbzkdCdPP&p=6&fvj=0&vjs=3,Bechtel,"New Delhi, Delhi"
15,HR,Recruitment Executive,https://in.indeed.com/pagead/clk?mo=r&ad=-6NYlbfkN0DgfcMA3hh2ojPW5MnXVgyCZy7VGxdhr9aXE33zuflXIGnhKAwMUg1NwdseGQGob1qq5QasZ08QKPkSLkfuUNjP73gzcBIYZ8cpTsizCO-rj9oQ3QGXVmzFGeosGi557YXA_B3eI-f8O5Qcp9zlTx1I6pxcbrz3JteHiNL8wHp5ZQFf7o9BhR9kbDb6_-OqqdYc560Halo1nTXOpGX6RfOPak9R7dxZGGGJpzu2DdxIol4k_nXhMPgrt3vzxRqf1xK7dKTZFeM3CYl2rTwJMrIHelzDynIhiTFqjvCc974xfA9nHLJtYlgGnF1p1ecUYUHty8ogcBrZRb6ofhf7bcx72215pJU5w4s_Z4N08t-2IeAkFUqrIf_EgS5eSRv3zUfGbbFAl_WwGJuVvPTKD3BRV5d1W_wuzVSuK8jrEOrYYhRmP9hImy_FV3EXLKADQ0EootPD2x56dLvZnfEab7syj-q0lKosefxqesGrNmd0V9WrGCvWCRJe9ZDgaYa3cJA=&xkcb=SoCh-_M3QISzCESS0J0MbzkdCdPP&p=7&fvj=1&vjs=3,Aaji Care Home Health Services,"Thane, Maharashtra"
16,Advocate,Associate Advocate,https://in.indeed.com/company/Rahul-Malhotra-Advocate/jobs/Associate-Advocate-48620cadb4288fcd?fccid=d7721ad4dd1a88a1&vjs=3,Rahul Malhotra,
17,Advocate,Junior Advocate,https://in.indeed.com/company/BankDRT-Informatic-Services/jobs/Junior-Advocate-4b6687c603088113?fccid=26a40ee712afaeb0&vjs=3,BankDRT Services,"Remote in Bengaluru, Karnataka"
18,Advocate,Junior Advocate,https://in.indeed.com/company/Nirvaana-Constructions-Co/jobs/Junior-Advocate-b3389aa64e714bbe?fccid=d3f6ee2f3677b828&vjs=3,Nirvaana Constructions Co,"Mumbai, Maharashtra"
19,Advocate,Legal Assistant / Inhouse Advocate,https://in.indeed.com/company/Saratha-Techservices-Pvt-Ltd/jobs/Legal-Assistant-60ceee94df3f8da4?fccid=f75501b0d07b10af&vjs=3,Padmaji Infracon Pvt Ltd,"Pune, Maharashtra"
20,Advocate,Advocate,https://in.indeed.com/company/Chambers-of-Prakkash-Rohira/jobs/Advocate-8ba7b14206bbe551?fccid=141c268c63d9a695&vjs=3,Chambers of Prakkash Rohira,
21,Advocate,Freelance Advocates,https://in.indeed.com/company/Ralo-Associates/jobs/Freelance-Advocates-229b1620a55bcfe1?fccid=058f214e00391cdd&vjs=3,Ralo Associates,"Delhi, Delhi"
22,Advocate,Advocate,https://in.indeed.com/pagead/clk?mo=r&ad=-6NYlbfkN0CNf5BIJnWuWF4CsvtltDdL4jYByZPW1CBLcmDCkpcH6yG6SJJ5C6xLTOt4AjNbod20RwaNoVNmGu4bcXExbcoM5iYjRPQHa_fNTEwi9kaCiXACfHRcAmQrTFL0_0TehzdFEU1u4R4Bes-XnL9YM-07ahnSE-uZgaiyD7fZkuPcD1FSbLkfjQLUgbA_WKI-ioWt2skZ0ClVjamrCe4aDaeNmelDx1cV8J9MA5zK9c5vSM-7KkEcKqulMV0lNhI66QbTYvxDUpcqOYnyzWtWy_cjfAWmZx5oSIXLI_9A22LTGWGLA-yzTumtR_zDRT7VdzssFB2YV5vhBcNz9DUjjK4q-rOVpWjYMpl18nizr5Yu8W-M0Xl1gsr6d_UMcf4YRvQMRUY8UHUxbAs5rwGHiAtlETHyoHFwH3r1MgJVzx7_E2Liz9zlCPJ2lp60CplS4l8P2VUBjb1LU-h4M7urED6rFkqh0Hv8PNqnQZTNeNp1zQ5zpZCT2EK8&xkcb=SoAH-_M3QITPoCyFnJ0BbzkdCdPP&p=6&fvj=1&vjs=3,Freelance and Weekend Job Opportunity for Lawyers,"Chandigarh, Chandigarh"
23,Advocate,Junior Advocate required,https://in.indeed.com/company/P.B-Assocaites/jobs/Junior-Advocate-Required-3bd83c6fcf4dafb1?fccid=23776ad364bbc91e&vjs=3,VIKRANT & ASSOCIATES,
24,Arts,Nail Artist,https://in.indeed.com/pagead/clk?mo=r&ad=-6NYlbfkN0DGIaNat85VAx_ksV0YEBW8RTaaIS21Jw4iSMoLubkTyAulz83Mnh-e8QUiuvt9DNCs3Qwq3lRffBBKEvuJVr7HjMcID4TVYp8Ji4sY9Q88Onby15zPk-MfcZO7V3_2gzNpavekVDVOmwwJRyn7GMb2MLQzyoU3nwHx-EoOz4Z6v1qqT-5Ei0JjQohFQDL8EP-uEHMfBIGeLnsM2_bsWDTT3HRV33X1fYRmgwlNMGJiWXwdDqnp67e3GZQ-A_ezQ1Qi0qcT_4yAu-Sf8VDzTZBMzwRI_1SSkkBK5sH9-bsqNhxuKo0XTwVZoobhHr94_kEJyRewq4MtwSqSuuGp1sIG2d8CF6COzsCEBbWSQXaM4kemyzIXf0uyMZRtV4GKDy8TvcrvxU_X0TeSoS8A5x3L1Hh594crcVc9irxJ_jYZmV2T_3h3RY48n4zWjNPjGzZq0hTjLXwmJm4gWEUwA3Y_CTQT3E8YkGqOWq85hLD_mO94nNdd3gyUm3UZwi9atPK-IbY6Qn-chQ==&xkcb=SoA_-_M3QITLndQHGh0LbzkdCdPP&p=0&fvj=1&vjs=3,The nail bar,"Mysore, Karnataka"
25,Arts,FINE ARTISTS.CURATORS.DESIGNERS. ART GALLERY/ RETAIL,https://in.indeed.com/pagead/clk?mo=r&ad=-6NYlbfkN0CEvGIo1EXyNHnd0yVW8gwmI23GrZl3lEDCaREPFB8RXlCNZr1FE7Ev7z9cDVbFB7zBvmTLYyaWLHQetOYf4EIe-TJvm2cuKKvcdscIY4Ua0QwywM2j8DM8eNTdzZGw0HCQD23M-y8SN1LgDf1ppJPPEhCx6QCAEvBj3GABOwcHnSm-icUjdQ1aWsJG-2yeo4aoiYyc7o8fCmvGAGOo6CSGj-mawgmkGreQR2Bzcx83fcC0TvL5AiojNidMjtJBcYaW_a6qFjgSpPL2ROiUeIj2mzqDe85pVMWQobQtD_woD5eCindm2YRNEY8RwZZo-tSTR-zY4v1e1wC_lRy1ZVTOzXw5uTpNPHE4UylqmOhS9_3V26IIhmuAvY16KslHeyMCNG9-KP3fSL30txEqsZIJHMi8N3nzflVHNksfNteuzrEeBCS-dfYkDeaIF3omp4tecm3d2upFdwVsAYTVbyqgNMwsugzYbYJe33CubElEzYRdh_YQFdQHtfgFhkCqVeHPnNoVpZhCAA==&xkcb=SoCL-_M3QITLndQHGh0KbzkdCdPP&p=1&fvj=1&vjs=3,Good Cause,
26,Arts,Illustrator,https://in.indeed.com/pagead/clk?mo=r&ad=-6NYlbfkN0AVI7mJO0aDFfLHtyjECt32RqbzHKFtaRnY9xFVgWqMTrPt77QADCGPmM_DeW0UJBh3ac4rTKyE0Gp-GOngEAQZY01qprnznafeKGHnA6dS5igN7ftmyZswrN_c9ZTBr2x8TprG_wvuYu4pJFwFVg__ytl0RzIq7-iwrsTKS_5DBc_qjERWKT8FjTVPlXdBrR_vwhRvZ1wus-aAnIz4iv_oxyGv9mrBd8bBoLWL3VVdj7Ha5JAy2kpCCSv8Ud_Xq2intbuuPr6GBaFIrDHAjpkbHlwOjHPp8koMztihr-95fwJOveNXT7q35Wr6A-awFh7P6zpsepkO7jDfyhrlVN9809AMLi-TcY1tMfdncGIqF6cmVMHMeIS-Mac03pmAV63eDic3XSv0ClJC2iHee5BBok4IkK7SoffMxWxTbNag0_WD1eMWTRCP3JorkWEmMJGgp5eHzoL-bZ5GGob1RDiVacA-KLqPIqtWLm_2fo7iQ4Dr21avrIqiTH5cryfeDqNA7tQhNELweg==&xkcb=SoAW-_M3QITLndQHGh0JbzkdCdPP&p=2&fvj=1&vjs=3,CK CREATIVES PVT . LTD,
27,Arts,Illustrator/Designer,https://in.indeed.com/pagead/clk?mo=r&ad=-6NYlbfkN0AZSS_H3-QnJTedL0epu6fpJr9q6OEneh-e5u5SmtQZY55DglhFd3V_pzoisev8hupXm1QNgj60tnAPG4COFGqNdgpTS06IUDL-8qEKWhKhW-y4WgI3bMBbRQSYnvXOdehV5fxmgKDmPBQzgMipMiOJuomkhmGRnw07pXD1CC4WptZ5-SvAJsfFQ_PbfOXrfjcuyDSSnXtxvIY5rQdJwRPs8rX-tmNDJ3FX6GQLpc45lz0UGDtSZg7sgpE1lbui7apceV6TSZqK6WYZ8sZ8ZfJa-mLfelNvvuPCetmySFzjfPCWkH3zgwypVPNC7ICmaglF65ZRFitmYtNoPslczjh4gfmOUbMW-gO70ot9HFOLYD3UKF9kHfTGKT0NnB1F7xOqur1Qvmr2SZTHW76RVCvSxBUVyvBe8YTPJcw8lRs1sZt4ejXSB2K412enRKE_hFbhKH47xmncGMsR8KZSsfUxfMsy3a5H2kYrxm4xz0o6KY22yLKOHZPhK3aYw6tC_xg=&xkcb=SoCi-_M3QITLndQHGh0IbzkdCdPP&p=3&fvj=1&vjs=3,Shot One Studio,
28,Arts,Graphic Designer,https://in.indeed.com/pagead/clk?mo=r&ad=-6NYlbfkN0BqtDXZXr3g7DYSM8od4L53-aD6ePfQs216X6_dPoOSBeWngz33hwX36gp6CSllYx-yNz5ekPWLhoPxMdnwdvBWB42UooRsZIBXDWBwjScpa9zFsY8kBKXbBaZDXjw7lNYPKK09VuwLIYkI-SWUW0TUY1U-NNKsNyjo9OnEH6I7QYzKezxQus7TCht5zULNYPduVMcBlQVwJwfyDSSJLNBJerQbeqf51iWlpAyYFhF8lVshZFIZ_BFpa_ikqLNEt81Mg8-DIY6jgGY_LaqqOqCuJNBgWNgOZHlVJRZEAm0XfCKSPGjYiL-vTmMpJBlXutz0Qhk4YeMaoF4eK8TTKuLgJWJLmrbL50WeOJtO4U7AXOu_rZRpZrkLpi5jqCcXidtTzPuHwf0mSBpcoFQsKSMPpDjpwC1Jm40Ehhlvkq_OECewwL2orNwSoakSW5k91IeJS8Y245uaAfx7WwTYIitLsGlodflJshQGzsjKy9Q3zfQlP5LOmgoz&xkcb=SoAs-_M3QITLndQHGh0PbzkdCdPP&p=4&fvj=1&vjs=3,BYHAND ETHNIC FASHION BRAND,
29,Arts,Graphic & Print Designer,https://in.indeed.com/pagead/clk?mo=r&ad=-6NYlbfkN0DLok_H_kuyxGKThci9xb2pBwFll7nXFNDTQA7tlXc62Tp2kLYxJNmNBvUWpL4CeQZ2a5yJRTQkKw7ofyjCBKWxlblQHE8e7moU2xFdEyufY1V4ljCrbaimy9qDzeNy4qiCz77v6ZwiZD6ZfM6-TO8TkStzUhWfUxGLgWgVjevLdx3tBRmIxwlP6E-XszDXunVuU1nLHbCMyE91LgqT7_HHtd5yDOVhOBM8Oz6_ED-PzJz1-7_sq8b-fwUVOh71YqF5t148p_JivVtD79JtukFGU9sd_WOsowxe83Uh7zrJ9Nhk1SkpgUfMp29H54Z7EWCon7aTZ-Y2OG1TPuxe-vL7bklT6e1cdqsYOutKxWuk8448C1oXnZ9-rEILZ458Ei5ADFH5VRJag_JrEu3OZ4tuCi9JexI9nK5JoCW3fKMp9GL7tA2FCWeg2de1cx4ekAugP_QHEwMLL8R9g5JNKfeW9AnoIGQ3IET2hBTimidDdLyqdBuT8_O18wQ8gIrqMew=&xkcb=SoCY-_M3QITLndQHGh0ObzkdCdPP&p=5&fvj=1&vjs=3,Awesome Fab Shopping,"Narol, Ahmedabad, Gujarat"
30,Arts,Graphic Designer,https://in.indeed.com/pagead/clk?mo=r&ad=-6NYlbfkN0CJjxQJHoRM25nXRbP2T2cfwGHgk4wbs_H4I_M4y4G-5ZMxMlqXtwoeUMK1oZsm1CwtiyOJCYNZhdJprcED_c8XJi1AlJ4c_tsrZcwIQxIuESYyR68DM3LlphE11BvG-OyyU93-ZaYIKTJNuNNfjkEvZ1e6PuvgxSXmPhZOg3Ta4sWzhgaFdHsRqiCSTKUwuOmjXjcDBM8mXuxAWMcXwgbZk0TYPZtNVFQmx1yO9rvy9SSPJQKMIjSvVnj15PtBdjjeobIOiYrJBoV-TaL2RvjXEIkC58pQWT85KgvKLl6u_TUvLvJqCcWh97g0M1EFTs6y6CYx13Jawfa92ZLeLdxDauFz62Ma_yI8DCEiPI0KpKglWw06S01wUjpgb1qQbF8tnITsbKrg1zmR8pETgzOZUczSt_x6IdGfhHDAqVsx7QUSAGj7N9hQyBHdg1agXXb8kmwtZujsegmBdwEi_ivU_8eJbNawfvKE5cu8tY-UEUxj9qkeRmMznicYEH4O95nvsmJYi7GNJr4e9D-lc4H2&xkcb=SoAF-_M3QITLndQHGh0NbzkdCdPP&p=6&fvj=1&vjs=3,Marketing Sarthi,"Lucknow, Uttar Pradesh"
31,Arts,Voice Over Artist(Freelancer),https://in.indeed.com/company/Genesis-Creative-House/jobs/Voice-Over-Artist-e01442743d123bbb?fccid=cbf38015645ebb94&vjs=3,Genesis Creative House,
32,Web Designing,"Software Engineer, API, Private Capital Markets",https://in.indeed.com/pagead/clk?mo=r&ad=-6NYlbfkN0CplfP0fMVa5Zi0Q9eSrBV9a-RPkMJuy4ofFjWE5uZQESSoP_bo_TUdmZHHUshw9SEKnq6cZXCHUM2mQKuwoK7IESS-ikm_AklSHU1koSfyJXlZq2iXcmndnhme-b413541fJvVrW4X4h1X9Jtrmc4Do7IQw_cXIoo12JfWXURzDPg9YMMcf1gcQNHFfMXovnXL3L9ueIAj7Ykap2OwgCgKDgOagvVu-cyidUsiaaZ9CKE_N43swPL0R54s4OfLD_dB1B1RMHWKcfdxAzA9sYN0AZtrcQkd8TzQFk2bbYtGn6ceCoYfAufGaX_NBKTpcfgEhjMAnFOLJA00_WbTRPu-yYEUxsqCYAIs3qWthaDrkwRV-Znp9bEWZIuWcJk77qPWQpkH8gUMdo0Si7QKgEHpfxoBJ8kVlC_A4j4th1-iz1Zyny3kYzdwlT_ifWm93Gdd3b9NJaszx91co847L1Dxb-0FnKWxQYA=&xkcb=SoAs-_M3QITIMRAI-D0LbzkdCdPP&p=0&fvj=0&vjs=3,Kroll,"Hyderabad, Telangana"
33,Web Designing,Sr. Web Designer,https://in.indeed.com/pagead/clk?mo=r&ad=-6NYlbfkN0CjxIkUAm65iVK7RcxY5YHJNYrhEaFD2dNZgDNct8duGmfx7cFq17HsJiHvs1E2RhQo2xUQEkhk3MnnipRqEA8Ur3lTpbcwxBlifUoeGPKFDCKgTvZCLMLugVk7jZJzgfOZikwI8SvYhwLuTkYAuCrRaOxTkuml4ZEj1TUgax6Ry_crkSFol_uOQ2sz-KzqqBBrI6BUv4xtAzjFbXp8Cwmvc1IC7mS1Z04YvfyUay4Dfip9ODNsswwBLNqIFx0ZngK_zDyNrCpTQH4tTamKtVpHfst4mMJy-GRo-ID2-EhH6gCegkUMfcY5LmeB_DM6PK4HKpur_i013ig3sKefC4pMEAgWHpz0T4J0SBj2Z5YajNIbGCb3l7VvudS4fDUlt7yti5BTWpi5xlkLXTpGdlQunQAL2r-AqF4k3Qah4FJjReNHfE6T-LcYuMtqDN9Ma4m2mfqPNi6ggR3ChYvlHBZP3PmzRgLUhK7XJenRrV5T2MA0UuuJfn8qM_hx1eC750tcNyDFRg0TRw==&xkcb=SoCY-_M3QITIMRAI-D0KbzkdCdPP&p=1&fvj=1&vjs=3,Lotus Interworks Inc,+1 locationRemote
34,Web Designing,SAP PI-CPI Administrator,https://in.indeed.com/pagead/clk?mo=r&ad=-6NYlbfkN0C0E1kVSxZWqg_3rwn6zUnYbszXdTQpf9L-zhTFANv_MOMwIcWzk_oRyv4voGpNPQou5w1mmFS04dahouLeLSkPtF1jfJ3XZgDEGqmhfw1Dl1QUHmK7cMdEcYNap6gqJjnjHHbByhKR2Z-Iao5Y_aBRp8E-vOke4gL2U8FMbF5VddwpqtCp507_z6JBeQuGdhx3-JMaW2hTDUi1swsQ6x5YKNa-MGzYzGka3aiFtHPNK7-Sbr-3V4CtDLCvO8Mxt8grVu2r5zwKFkSointmjnuluYrrU0crsjL262w90tkGNsE5Dqb2ujOkP79Hv_NV52sBDm7UQPmiZw0YO-sOfxOSvycRHWY69zR9BO7fb7_FNWnrc-WFStT87OEGiF5n5ELXB8hvV6_kVqmGP7Qjv0lzpFgoyx6TTINUWYROLuCw8Sq1nKULgH8qVAiNJfc74cDyqUpAVbRybW1tqHkRGpc1g7QURG7XNnDy_wBqwBhmL1iI4cqmUlOl6atmIMov8_dxWAhmsFZ1CEawX54V2V7oL5CiKmWJnKVpMEvN8MbqmRnY8S8N6dSL-LQlsqcGHis=&xkcb=SoAF-_M3QITIMRAI-D0JbzkdCdPP&p=2&fvj=0&vjs=3,Infosys,
35,Web Designing,Full Stack Developer,https://in.indeed.com/pagead/clk?mo=r&ad=-6NYlbfkN0A0QiXHgonOvCqgf_50IQRDxRtZU_wlnpYzmrEKWiPr_cLDvWsonlgDZfE2WDduKu_0kNOL17kwlTGKBZerBo7CV5-AZtSx_Soff1o4Z-rTl_OXWNpEMKvmPHi7JBPB-Mqbi8SA_Vk1QZcW_DKssKJfzvwrLSQ5BFFVCr7K5Si7aHnE6qNYRJyz5MmHEb68nKFP3B1iQ2H7aUnxpjSK7fEFbZ_tVXR2kMfrnxM5yA5y14f0hy2iRl7RooGaPUR66qB13y--rLPp7hPvQYGlgfPBsZy5xMXymSh_jAJIfzohX3mYDPPmdQz0sPfTAr6LljWRR1nbYMOGRgO9b_U6IkQyqrR7VlglqszcR2bxdtY4EBBDszU0pUgDrtvaqYO9NcbxGyia3MNohVj0HJPQWoNDN0dfALKeKUU51nLmQ6Z-f8Bll6NhHVb6X1f3rx5mI4J8XNqkyo-HLWdnoslN821rO5175Kf1GytYoIYDujgvHH4Bck6I_Fu13lsyKrCj3wlOFwOj3pQvYw==&xkcb=SoCx-_M3QITIMRAI-D0IbzkdCdPP&p=3&fvj=1&vjs=3,Conversion Pro LLP,"Pune, Maharashtra"
36,Web Designing,Senior Software Engineer,https://in.indeed.com/pagead/clk?mo=r&ad=-6NYlbfkN0BHvuy1kMcs-bKZNxnjNGvnbf2W9vRhYAVzSjN9M7gpVIHTajwdzt1WWBIXrUZmJ-X_fDC1ERft7puUL-GM-i_Ta8cdUQTDiZnLSdneK_FGv0y2TeViqSUMMkUm2oCECTlcwRHF2J_1XgsDxTklekq_-vUSHf4tNxBbsmAZa-qLnQXQDuiKy5-qhv6E96lQ4lJVXYJ0H6hVUrXxi0q2ASeu-rUGPUuQpoeRnVyIGW-FaxZ1ewKh_tsnzX1Npur1psa3eg6DbCQUouoHD9fXFpLs_k10URQgv07jXOr38VZSXSKa7eMtJPnO0v_wooayOP8og6LJzw5006Cuoj_WejrMoM4hbgbJxRvtCF1DMKEaV5ukdVHteIAeq8xzPQ9ShkpNwj88jSmgF77mNZwdmx9h80umndOrIAruRtaBkV1ZefyHQ9q2wU1CN8-QnkKwR_I_eXibBMZwanWooSRyYca5bAr79voCuf-uX458IL6f8vWuQrVCT-1r9FkPEPgDrP2Lg3xLGl36VfdoUKn5QWve&xkcb=SoA_-_M3QITIMRAI-D0PbzkdCdPP&p=4&fvj=1&vjs=3,Zucom,Remote
37,Web Designing,Web developer,https://in.indeed.com/company/Manifest-Marketing/jobs/Web-Developer-240cc22c76525605?fccid=107a45b832a33e3a&vjs=3,Manifest Marketing,Remote
38,Web Designing,Software Developers (.Net),https://in.indeed.com/pagead/clk?mo=r&ad=-6NYlbfkN0B5MRRUYl2x9XO3z132l5VZyYJfNklsD-bOk8gDXEiMCqC18uTcC4kLYsDFD7hZ8n3Sp9e2MERqqJdluyaaaga6c_CpCZBVEsmtmPTUJY1ST4PEUCBncuSVtVA_zUoTogTOUmnvfCQ03NdUIQ-SYQUDoAbkwaTcvq-L-Q7B2P6F8xy-wEabEjG-VxF9fzdgN_MkZ_8pXJS2k_eDyqJ2ift_IGjE_yN_TlZkG23RCgIlxWAErt9ZtFCSPUvQwixqx86-irMX5W2Pv0ONBpXjY1TpQewAqzGbnLVxG1oKcI1oZwXCaaysql3-1whzdyEApSGbTe-mClhqGrTNT-O1Jh_OjCn9Q0PTkg2IB_P37Sen3s_2JPCKqhjnxrHphV44dqldg4MO_lk_IaixF9db1aTXZhkvkeBMvgzCl8G1zfsNleGQSP_yMkE7FVmo9glTmgwdUfQYJENEWC_97NLCGNMVnK7ADgA9WgEd8N4aFCFAcLFTgyJ4hKT5aOTr-fPFDUREYv4Ej1cvfbmGpBqzJeyM&xkcb=SoAW-_M3QITIMRAI-D0NbzkdCdPP&p=6&fvj=1&vjs=3,IDOX plc,
39,Web Designing,Graphic Designer,https://in.indeed.com/pagead/clk?mo=r&ad=-6NYlbfkN0BPgXg-2_wtYKZAtRWSCNt6LjuU87hSsmZ3pOgoADWJbyATvJbBXOGyNuWA34m1T8MD-2-AnSNdpWQtwsMdr80a4iQbcFtpdl21YCucdaRXqinlGEifZcXShzP2phxXjgPditBiqWk3A1Owd2XPmjp4IJo8EeU4c2asp8sXAl11T96dOWbl0nxdWx-c_i896WHJIbkrRAmmsCiW9eqA8vLwfhbA9SpOn1plh6F9r4UWTugPUAKgEFORhmoAZW32munMTotU7Ee_PkZqevZDCQ8bzOzZewZ9JCMe6ehFoxvS_FF7cJp0ChxMkiHLewUgE-zxRGnHeGQUr5vA63yXdp5wrvdtVyiIDx-J4ooED6kqvtKNo_l04NZDb0S7I5Re16N9uyq3ash0qjSLOpBAWIjdBvolmNdcP3RXdRkN26uLrkO9yldOEf_7luuj3kTjEuF6J3x9JI3O2vzamJXCiDVAEsp7U7CB50QT2pAnUWEfcN_HoNEhRsAC76U102gU4QO4twzKoTVCUQ==&xkcb=SoCi-_M3QITIMRAI-D0MbzkdCdPP&p=7&fvj=1&vjs=3,FasDes,"Jaipur, Rajasthan"
40,Mechanical Engineer,fresher mechanical engineer,https://in.indeed.com/company/Forward-Service-Corporation/jobs/Mechanical-Engineer-f4bafc05dce67a3f?fccid=d6f82f94410a4bae&vjs=3,Forward Service,"Remote in Bengaluru, Karnataka"
41,Mechanical Engineer,Mechanical Engineer,https://in.indeed.com/rc/clk?jk=7f62df1dca7e3542&fccid=4ed03476a1620afb&vjs=3,Larsen & Toubro Limited,"Talegaon, Maharashtra+4 locations"
42,Mechanical Engineer,Junior Mechanical Engineer ,https://in.indeed.com/rc/clk?jk=41605822291e16d6&fccid=c8a71ed36dd12566&vjs=3,VEXL Environ Projects,
43,Mechanical Engineer,Jr Lift Engineer,https://in.indeed.com/pagead/clk?mo=r&ad=-6NYlbfkN0AQgd69UE7hxHA-g8FDsBtHHvx0lvkp8dAX_qHHMKRGaSBK_v7WsTKXHrL6XJhK1FUYpP4XwQk3nAmmPsKJw7K6nZAeD87VJ1-neue0dx_9LMsxA14x32NxXAoH0vWeiLBfgFvvcsEjpjUMymfGCF83aDt9qDRUHLyTn11987BfEzfuXiyuERhrhDMjeTw2CFMqkcxcU7KiL1e3lykaXlExwfef6PtN_qAGnsoSgcx72bbBYQk55Yr7u8Jy6RLvjUjnOLfVVOCAYcRAe8PpSgzADMG_Gi-rMmSRiI4Ll2aqMPCdlykYsUK8XfOQxP47jbXuCNAGy0Q1eaBrtVjaNuED0ArOICqBvu-4aOdBH87K_GsgQsiCetOSpq8_iwTr57CUSTjE18aR_Oy2kiI0MnIuVbPbYZ5zowGYZ5JL1pqe-O2Ds0L5yomLJXHvkgNluz1rLgfvM3rsExaozJvjBm7rIwQfOr3Bh0R6MC5MYrNpMYUd1knEDiO0fieXzNm-8aAVDOfA0M-bsnJIIjtIwsSs&xkcb=SoCB-_M3QITEhtyS0J0IbzkdCdPP&p=3&fvj=1&vjs=3,Eleva Elevators & Escalators Pvt Ltd,
44,Mechanical Engineer,Mechanical Design Engineer Trainee,https://in.indeed.com/company/AEE-Structures/jobs/Mechanical-Designer-dd161ca8b09957ec?fccid=134e25c678328555&vjs=3,AEE Structures,"Remote in Chennai, Tamil Nadu"
45,Mechanical Engineer,Mechanical Design Engineer,https://in.indeed.com/company/MINDWAVE-INFOTECH/jobs/Mechanical-Designer-c76a88e4df2c9869?fccid=623fb2efdd2f76db&vjs=3,mindwave infotech,"Guntur, Andhra Pradesh"
46,Mechanical Engineer,Mechanical Engineer,https://in.indeed.com/company/NOVELSYNERGY-ENGINEERING-SOLUTIONS-PVT-LTD/jobs/Mechanical-Engineer-9497217224c4c471?fccid=36d9d307906c7e66&vjs=3,NOVELSYNERGY ENGINEERING SOLUTIONS PVT LTD,"Trichur, Kerala"
47,Mechanical Engineer,Project Engineer - Mechanical,https://in.indeed.com/rc/clk?jk=cfba5ba1852b6b96&fccid=4ed03476a1620afb&vjs=3,Larsen & Toubro Limited,"Powai, Mumbai, Maharashtra"
48,Sales,Sr. Sales Executive,https://in.indeed.com/pagead/clk?mo=r&ad=-6NYlbfkN0Du0jaODRTEakDWNPcpN_MCjAtUURG6HFLk8NnsLKQFGBd16KquKlqYTx8X7XwFNIoCXflNqGimAn8y1mwrpleUrSTqAx7QZg0pwUQw9lwe8EKypYuRARRNDqwQ-wGWhiM19OXgSVq8Yv_Bs5v7wqlgebI3fe6DoSLQ7x2M0EDw7XeUlXjKCvVNHXA2oqipgn_Ti433HQ5n6uierv0jNQZchpCnhfPrAMNNjJteQNq5alhM5CqjCw1RX7lblQy43BVNWncym5dub_hODnJ9UBK30Mxd57nxPOG-vwZtl8vQEijWRHDqQHcv8ICegds_lovmpc0s-HGA0cPscOteurfqiJABeFXANLpexhXFwtqKwH7mZ6R1w74jt4N66K-eKzk5Ab_qDU_1s0yWYMGRxkpZxLiO3hvUXySnHfJE4GrARxvMgJBj9Z8VOByIQ0L-jg5FRuI1MI_lrN9QyZD_5Wg_4NwwQX2RNdQvu_9v1UlaINsv9XaL6RdFbacu81JdlFMmQxqnpgJWAA==&xkcb=SoC6-_M3QITBRfyFnJ0LbzkdCdPP&p=0&fvj=1&vjs=3,COLTENE WHALEDENT PVT LTD,"Chennai, Tamil Nadu+8 locations"
49,Sales,Sales & Marketing,https://in.indeed.com/pagead/clk?mo=r&ad=-6NYlbfkN0AzkmAaDhHxq_KfgPg9JMppGVvbVfSisQleL7KJTzFw3zaOitnlyk7XHqkYzoUr94dOlvsiTzSg2v_m-4_ejpQerT0weOUvL_XaVOZ0ObLb_1J_0ot_nNsYlb8EUNVsS-TTZc2yX-nfqdNnmzBQMvYe32l_hetzr7yiw6_usYnzHmwZ84IsZ0x3Oz6iaDlSBR0Ofzp2cBubEPrR83nwOzI0OR60wOhp3x3GB2_eupD60gq7ljqhGBycEI8NA_Z4l8w8AnbEdS1jLiUgiIgO6ApJuspVdFLvO3qRYav55dqJ0YaSb8H9MWj3IL15r65qXgywS0CvA2JDmH7UbjE6VN1fJFRr6wtaaPFBcksNWzKAIveNtcl-1IavGK_FkRoQD-PZ3OO8f75ynD2o4Kcd3uTez5FEJ4xoHOGFM4BOJ8TnkruTlJTLYogIoXphqgbV4NPwHK49KCWTfrVUmv85rgPAfBwaGw83MTljMyCwpprKkfgegn0GpRr0LswANTVd7YOzV0l7d9hAS0ly_nyQC2aq&xkcb=SoAO-_M3QITBRfyFnJ0KbzkdCdPP&p=1&fvj=1&vjs=3,WELLWORTH GROUP,
50,Sales,sales excutive,https://in.indeed.com/pagead/clk?mo=r&ad=-6NYlbfkN0A2PPg24fFIa0-DBJBaPmegp5AqyYhNHXueWm2gRpTrPYOIxcNp9-MYnKFWzpdhN64kwTNvnIPRHqPN4hbBCnL0ZoMSE9ovOaeU46EE72Fh0CsoC_p2a5LaSGA5ZQQTus9hdltdiSGHV140LwH62TrSzcXBNvDfDtBiPyOW3aVHrrgMQ5YJqYxbYmPkCfoT-CLn5Hx_OR_gl2abb6509OR2gV41M3S2l272Rtus2kXGT-hum3IY3Em6cfnfqbIu-6N7pkzeNP20iSdkbxmTN-QQoJ41uJsFMhh7zNUn_wtYxBRGvnZGbkQ0b-sMbD1tynh-mwOjdCtahjN7ORc84GCtHR8y64md2Ag6clxZLUdDXY8J3dkF5f2lxZKd9QCDx2dQ6_as5xI0lKQYFFHM47erU94VmCaJpjFAroRprChyiMNisLUaMCsOdItTFo48mMaN7-DOkvLbMu8j_Y-zIxBROEURqvifeDXbYrDqeyhBaLSsN3qnDpmX-8AUwuvLmls=&xkcb=SoCT-_M3QITBRfyFnJ0JbzkdCdPP&p=2&fvj=1&vjs=3,Fenestration World,"Gurgaon District, Haryana"
51,Sales,IT Sales Consultant,https://in.indeed.com/pagead/clk?mo=r&ad=-6NYlbfkN0DhApO1j9ZVdTTeYfJAfTqkA-KuBb-Nwabs1Qm-KV5Fd1AkFV_WysWc_SXE9VdktLZ5EoAF0GxSHd4hKk0SjJfXZyi0vj5Bd4KO-Xg4ItMaFHG6VK8-Or1ND94Nt0UsPXbEW53Oej-mEbT83SOorbPF2ECSP2dopeuUBfPJCpHIfwRx_ucDOwO_9v3niiSL7uWhE_lQZb_p-5RUJtyuMkyzyaUO324_sbfeQhqS4I7vm7pwkCyRqfVQr_GFlUzm6tk379ouL8HaW4ArCqySxw70LVW4IEJHA3f69mR4tgVqK9wwz2ml12B4tTD3RFw_c2SuskCfBkiFHYSfHmCPd_qeOjjXKlnN_cV3dejU-6PXt-T01rDTa-FwP6HEzgRL3jbnvejn87UhaGmIiTy9DUOSzPjl0WJ1y4v4_BS1o3Pn4vT9CNmxEhC_USbI7ZxaxuyeFBAOX75CmBwYc0E18rr3niGHZUi4PhXzp4H4TQ0gmdMil0E439iTx-HzkVQuTSDYUkDqPzsugA==&xkcb=SoAn-_M3QITBRfyFnJ0IbzkdCdPP&p=3&fvj=1&vjs=3,TLS IT Solution,"Kochi, Kerala"
52,Sales,Regional Sales Manager,https://in.indeed.com/pagead/clk?mo=r&ad=-6NYlbfkN0Ae2rSAwDIx70SLL2WQrpEEjgbsjGTPX2vZzzSHxU_zmKFmnR-T1pKh3aBOTnNedGnMx1EjkxbV0tb1k1fOOUU0IesZ-9G2K_jTi-MY8n0vwJ9ewoZ0CgzNmsBZ4ynpzDNIx9RqAOme19BMiqqliK5FrqlCipEBlKhvbicCdQZCYI_pXrqxDE1jA47ALZvYzjCBu11nEi7Vd1xFK3Hr6mgCKyqhsDVG7g5MmaK1e5qGD0xSrFIUiJWXfGqA8LTPifpDJLnVraC_VCMhCuMN6LDSNhkukX2QY3mW7C-188TOGTpgdDDTzqFa1EYHpiUeiQBAwat9w0HnuaCyzPBXlnATz6DYzz3sPRCreNHz6kmsEt4PkkEooD1JCkJ-603OROn-LvmMXHFVkU812OA_LHN_qElYGJp00EY-Pcez9Ohn8nEl9uTxRUotlbT6OY7gTz17sBL6uP6khneWiQ5fiYuRRAUluTylFJXZKYaz52w-BAT4Jp8qCXt7jsxGXWkmFXIE0IQms6wkWA==&xkcb=SoCp-_M3QITBRfyFnJ0PbzkdCdPP&p=4&fvj=1&vjs=3,MECO Singapore,"Mumbai, Maharashtra"
53,Sales,Sales Manager AirBnB,https://in.indeed.com/pagead/clk?mo=r&ad=-6NYlbfkN0CzHHc5GLoNaK5c3UjceypI-LNuUupjMvsvAFwumLBaEMnauuin8QVBl2YuZ4SQvo3NXz88QiPaQIenSDTLXXbwwdwblrXPKaRvkJs1t49Y5qvhWQ6QWVze9A4_qT2irhIzX1hFxB81T7yrJ1SWraHtFklxwVJZl_PIuKyu623qcnLUwJWzxUtvcYfNqQ3md0_7cWfJLvRPo6kqDNsecs9vao3vQg-s3Fr88WX93R55KVfr7jl3392IhXe4mejBNijBjNnbr3rYujlnMieBv6BJ4d7X8-pwXJALWQ0TG4E6QyKwOkXwldN-AD1gXC7-CPBqIZpoQhJHFDCDBK0JxjpvbaDvj6MBv5QQXAzL_SEv0gaWPQYNGbNT6xsg4yD-IAPQDoPwiX02fmj4aX1HD4QjpfSAXg67QlGK8R5fJIqpW4471f1gFIpEt1_fWtPXW4IKLnCMmxpmiPtMTFM47fKCR2hovADo1BpNckwwvdR-QFKlvigyndy0Vfu_NbIwUec6_l_yr9Fkyw==&xkcb=SoAd-_M3QITBRfyFnJ0ObzkdCdPP&p=5&fvj=1&vjs=3,Kish Hospitality Consultant,"Goa, Goa"
54,Sales,Sales Representative,https://in.indeed.com/pagead/clk?mo=r&ad=-6NYlbfkN0BucWhsEBzadaqY7tH-J-36NzeCCJXb803hPxl4Gc_Zy2uyPuJ0r5Xz_ldkmQUMxkaTBxEjA_ocZsI3_q3vwN_4j4Ks9J1qERPSTfeGNe_8n8YBP9s_uUA6MI0cTIUlGQcBYx7bZOQdEr1bnViBwktG3DHncOhgMX2kWtTzsPAchUJ2zs3PE_CzIPodd4DY-LALb-79WH9QSpFK-Q0XtrijpjNqFlDNibnWs0cIOVJ1umfBEV8bCyKJSN-Xt8E8kqIYleZhtmSpDBaQILZTWd7nAgrtxstIx0D3qZEOWufF-qpRtNGzb-5QbtaFTwaMIEpKv2LSpG9tCVOTH79ywmGAj4hegiuymR0NIGoJFOUFISJcclH4Q6mffEVmbVR7WHapfhlrD3iRjxK6-s7wNN20Q3KNLO23UymU3zUqrYuFAvgFqvq5TGCVqNIgC3DqL-7B6kaBCk8RUYKwyamZDPc2NniIWll41oFawv7dCUzc7opTtKa-9KQm9XvF6CfVBcA=&xkcb=SoCA-_M3QITBRfyFnJ0NbzkdCdPP&p=6&fvj=1&vjs=3,CRYSTAL HOMES,"Chennai, Tamil Nadu"
55,Sales,Area Sales Manager,https://in.indeed.com/pagead/clk?mo=r&ad=-6NYlbfkN0CrgS45VybsjYAe_XjsPe_8aLrsRF-Le340fU1ztGj1WHFHoj7R7Fz5lJe82PB7ngbwEuDU-4umRF4D09Eu4yWSDQ_x-9CaOFYjfwIzldVI932e9hgQ9t5qGCNwv8puaTZ4Qqt9I6PddXldjvk0qYWBzFlurs-mH9AJJhfhY6ue2zGqACU5EF8dW99AsLcy5C6TsMXydFghxqXvyOxDr5-RHivDydDjw0Hw83pOzfMVTvR4Y4t0CRxsVVVZmF9AItChG_W4fTLq8H5TiNqEB1Cnlhaw4qFet90aHNapHUwVogqHes1y3JPa7s-IiL82k97mcnv5KRaVbwq0HBTApCCI9JQEufR6Qoqcf2J1f2TYo-59Fb8XGnm-ya6b0b5aSE7IBt9qZHypx676sQ3W9OSSXiXIUAehPLjAXpi6glqVpuRsjnNNc6Hqo92Ni9CwpOxLgKW85rPs7hiiVw_gEiigwNsFyraSa_aUGaxDNE2toyRpHCfaXe23p9DIMzJky7k=&xkcb=SoA0-_M3QITBRfyFnJ0MbzkdCdPP&p=7&fvj=1&vjs=3,LAMIT GROUP,"Chikmagalur, Karnataka"
56,Health and fitness,Fitness Trainer,https://in.indeed.com/pagead/clk?mo=r&ad=-6NYlbfkN0AVGwZnP1eQK0xON47TE07wFiCKzTOcdHugy6qBf7J7V_acrJ01s-XiCSNwbistRiDYtvzt__wLvoo7yNcAdqo4iMhFepNbVlfR5lr-gRUtt4nfJNESLamkf-bDrB6O_pvBmhqkAFknzgBphBrJluvemsoBOCh0NBCEBPmn7lv5ejgG6oykNaIjqgXLm06UjV6qPCCwO2uufRxsLC1hQUC7LB-bCuwemXDtPZ1ZaaCBf0dIm03gqHcWHCbqeO5hmwY550tJThbUBhYTlbdO75IFBHrxZl-SEGb6WRi6LjVlm-sJPvi9cfXWuJHpU3UP1LO_CwffCvS_1YMJeVy_N-2mMNN-ev6wBYy6Vd6kSx53J_P0qoqHqPBdg-V3MqANP5AYfenTLeHcyEzRG40_UayoQ0JzhQAL3spHOKfSVma5E6njzabw-bqGXLBwZTCSfgAZ1-Ipo2wr5yMVSyvXekZekdSAqGXK_uvAY5n_XD7JUHIpLTHJCipuyCJoVoB6i4cUpD_ks2lD2dYe1Appw3Bdgqf-KEQ11w4C0tTe7wkN3VsZT-En0sd3&xkcb=SoCi-_M3QITdvE2HER0LbzkdCdPP&p=0&fvj=1&vjs=3,Cultfit,
57,Health and fitness,Personal Trainer/Fitness Instructor,https://in.indeed.com/pagead/clk?mo=r&ad=-6NYlbfkN0AVGwZnP1eQK0xON47TE07wFiCKzTOcdHugy6qBf7J7V_acrJ01s-XiCSNwbistRiDHhVHIkyTyKPD32fUgsxmK67qdowR5UzOnPkCXFS1X8_svELF1Z7FeVaJ4NT0s-OvUu641GGsCQMx3nq4qx3XC4XsklLQaDt0N0JSg1eSFUDFJyo44Jj9F0a33enSDkJKCT3snFQ9WlMWpeU7Fki6LcFUtbZqg9jnC8ONkU3lWRcxcPaifg1rHWo4_9_NJZ_qzI75Wm9PIW2B16zzS6UHpy7uYTMC8ZhfHvUIdcFjKv678K8TqReMXJXKJ1ggesASuoGHf_AraYvyd4syDHTQ3zl3s3SqLKIe_AXmM3w0DXbl2_bBH9sZ5gzPHYRAy8ZwWn_Up21b0qr1LlXIqzqefAQ9KvWZnlxNsv-ertJOGqhhkCgqXOYEF1g9Byh-e6aBn59bPhFStFpqhPgFZX2LCvgyRwxgDqNZZoIPsKQC69TdmbU9SjIfobKwzLjRppYsBoGQlT9bzpg-VBtLaCHwBZmQ6j7QVE8KlHNiVoOI-L-sguYOq3CSB&xkcb=SoAW-_M3QITdvE2HER0KbzkdCdPP&p=1&fvj=1&vjs=3,Cult fit,
58,Health and fitness,Center Manager,https://in.indeed.com/pagead/clk?mo=r&ad=-6NYlbfkN0AVGwZnP1eQK0xON47TE07wFiCKzTOcdHugy6qBf7J7V_acrJ01s-XiCSNwbistRiDViIpYeHwtLZG7C5p1ka3Uq3rMC1wOGcrWzfvnujKtoDHhSaryulpQBNteBo-DgLc1HIzPi4mNXkESo2p6QNs3tUlCqiJlEQUDdljg2l3MMvWtuhoydr7-GCqW6PyKw3KoF-XA81pf2KJ1EC2HqnY3BgygLqxBbUdnb90Ih9noRnCmhapNnMw-I4NqLjiUornYVdXgqxZkcJ61AVMK2VKwnokGxF0qJCe7nXo1wkhN6GBrBLYNxzNgeG5cC5ptRSMWdb864FlmoL_iRTHWeCkzzIkOWN0DWFjLn7K9HoGiu8Xpc1om6JftGx-QoZTU-kneU8Fp3mVGqs4GAlItejEN6iQPoZd7Zq67VSOPj6ve13xA-Rht6fjzL5gt4uo6hAIl8hIVrCUq-EdikPjQOuemQNxNELuOafGKRWyk2zl2-bRYUPxJ71VIAV_AYg00cFC6kCWmDr753Hj8wO1hI-0DufmbthTXWFgI9hsqJqggQt_FCpOH_MQ8&xkcb=SoCL-_M3QITdvE2HER0JbzkdCdPP&p=2&fvj=1&vjs=3,Cultfit,"Hyderabad, Telangana+1 location"
59,Health and fitness,Content Writing Intern,https://in.indeed.com/company/Dieatto-Wellness-Pvt-Ltd/jobs/Content-Writer-1148aac9b4ff3060?fccid=b837cb17335d1cfc&vjs=3,Dieatto Wellness Pvt Ltd,Remote
60,Health and fitness,Dietitian,https://in.indeed.com/company/Fitelo/jobs/Dietitian-8216fe96de7350c1?fccid=f08e3eeffb861bf5&vjs=3,Fitelo,
61,Health and fitness,Health Consultant - Nutritionist,https://in.indeed.com/company/VMax-Wellness/jobs/Nutritionist-cab75f68650a4b9d?fccid=f8f149bfd7ff535f&vjs=3,VMax Wellness,
62,Health and fitness,Marketing and Sales Executive( Dietitians/Nutritionist/Fitness Coach),https://in.indeed.com/company/Fitgalaxy/jobs/Personal-Trainer-10f54feb0f553da1?fccid=f71f16e95d2acdfd&vjs=3,Fitgalaxy - Online health and fitness platform,
63,Health and fitness,Scaffolding,https://in.indeed.com/rc/clk?jk=b6187d02500d0ea8&fccid=4ed03476a1620afb&vjs=3,Larsen & Toubro Limited,"Chennai, Tamil Nadu"
64,Civil Engineer,Site Engineer (Civil) @ WAGHOLI,https://in.indeed.com/pagead/clk?mo=r&ad=-6NYlbfkN0BSWZRgM5VE0SvQ0Hm4MMU2xbxSf-uh4oMHaW6DA6bY-LPBSV05reOz-w4fAVkzVReSeryGRKbT8yV092siwy1L0zhi_uzjyK3ELaxYKVmIk4Hl9jg0u9HzDV0-Hi_-AeDN_v5EdsOtXvVWw2H8_ZLz5ELXrr8nhdPMtORhNR6wZUkb5GpPnRXMszfjgvGCxYgV266FQupCm80STh1HyOPefY4YgE4jHv1EVCJrfM6AaxjYAK42XmSZ9b3VJslfnzB0zSqGGQ2h98cSh_5_yZ-mixRFGa4perwgFCA4o4YRothqbZEbom0UhEcOy9y8MqxMp5vf237yp86g9JRnr1RbQA4lg2LJMuO9SavhNXumjK5fikEsUHx06KmnVt9YC7ViF6D-o7YVLwSsa77Egr57jmyZPsOW1YrTtPCYQ6BT9trHMsjGYIzbMWwS4JldBRxbf0NBrxxcVDfH8id6CFhL3Tc2Engl44ENM_sX3QMYsLghbQxrQTF1SZqKZ5LEYcYsO2qh7Nd3Df3ZTDoLK8Y-&xkcb=SoDa-_M3QITawNRGox0LbzkdCdPP&p=0&fvj=1&vjs=3,Golecha Realty,"Pune, Maharashtra"
65,Civil Engineer,"Civil Engineer, architects",https://in.indeed.com/pagead/clk?mo=r&ad=-6NYlbfkN0CiPvrq-NLok-gcbzj3QZXXLLV-eeMcZxc7JuULNxHglh246is2gxaAun_yQupLIXXDuyz6mV19QbAZR1VxgYE0WJjVaIsn5s2xP1INdlT701hTpBEcMN08EdLGMPM9oXzGj00RGSoc7cLNnqQUNBNQFvlP2c8LTeVTo2eKiTvO8xw8kepaci7pMgmZLrI2ysyFkWgcQRIMKXGgbiZXMxb_oyZxzM1DmTbwTFSTtzg9anFSP7HyXlkRAxxStRZ9OHfaK0y_IaeOVvSVY-nr-ASKCv55WC1KPJwdpN9VTjM6Fq0p3zVc_PFpj3jemNOTonxbFia-OT5IH5ePVi4rfLjQuTAedcr1djSb0ZpI51IJhv6AIFwiyHUOw3sHW_2yLeakapGX9UU9XE3VLLb2lBYQdrjNsgdo_YJwPXtwHurrwHojkFW2fuZH9MUjMu7hob5ZFtRDGQAEUCyt4gvSGgCxE25LZ33OaIKVAI1BF-_gPbB3YQFHF0tAwBxaDLmMfodO7vAaa_Sr576dsxqIRQ_x&xkcb=SoBu-_M3QITawNRGox0KbzkdCdPP&p=1&fvj=1&vjs=3,BUILDTECH BUILDERS,
66,Civil Engineer,Plumbing Engineer,https://in.indeed.com/pagead/clk?mo=r&ad=-6NYlbfkN0D0tOvwU0iKK9NqMHyDTeJo3wmmCnj3EXjz9nlS4jqw_YqiE_eZW9UxEPUOfAUEIRTw4vxpj2AAulwXXRRkECdaHc9Wb1sTD5sOijWuCbllvaWPx3b7lyfInmSBww8fLxNRODoTb4YsA6jMxtB8P4R1v1v8RReCtX8GWl3MKghk4pRfmWQnXSJab06hC663-QWPyH5Jrz77MNe9yyIeDFfwfYWm8qtksQjsx6YpN2FtkXP_atOLCGQPOKbmYJzfnRXsKscxrDLIl7GlfHC7CeAp4co-VolCOealwOsjr-4OxYIgUQ_OBePA3cjBlHpO1TNo4N3Q8xkqPJMf2zJJCLoEUcdZdUlmWUUlgpEw9XGgkgJbPsdAFlf2JFLyrSgK347ufBCpZWtlk1FSTnVZrom2pxxXV8OLzoc5SX0-WrYNBUH7mRA_aK-wEft0b5XI6oyxHNDazsFiZ31iL628r9fWaeNpae0Y6EH5COlpb0K0OjJ69eWEt4RIIooSWKvIogMaS5WTkQdADNvRs3S1VLm9&xkcb=SoDz-_M3QITawNRGox0JbzkdCdPP&p=2&fvj=1&vjs=3,Sustainable solutions services and supplies,
67,Civil Engineer,Site Engineer (Civil),https://in.indeed.com/pagead/clk?mo=r&ad=-6NYlbfkN0Conoe-MzJmfpjlbnJ2ZAF6wCliCOTktAqhwgeYZ5Gia1qJ10-9FlG-JBEXediLr0WUApEBXxm2VjbwVH_H6SsUS9XC1FmMT9W9ZqMGFPW7JtjIgfMPqZyTg9iZnbLOGS8awd5mdC9AAeGL4NvY0UlKUDQZFt4w4kCylGBu5qYcwUz2rSNW00jH1UETiu9Yu9BClQBxSaKY0wBPY5Rl4WJziwoC31q-DxMeJ2y-Bja28AXjcyHhLDnPo2c6_obCbbyZdB4PQlJoWZbDI6r7r0RdMsMUG7IoJxxb8W5ZuuZOuvVDa6eR7facWSwII7XU7TtndHufDa2z88tI8KDJG3byNHGN1YHaHJoSpAtwAYSQwzXmepvW8hEdrlw67mkMgQJaA9U36AP6XD9Xko5fsXUxtTFqjq0TkyTk9MC1sq485F88c2tDe9tKVDRTgonbjdKKSJ9IcE9mn8zpoNbUYFb83SQ90Gw5o0bOFVCl1UkBpn1SqDsL8A5rqN0dxPrkKLIFWJidqatluA==&xkcb=SoBH-_M3QITawNRGox0IbzkdCdPP&p=3&fvj=1&vjs=3,Bheemaa Infra Solutions Pvt.Ltd,
68,Civil Engineer,Civil Engineer (Underground Metro) - CMRL TU 02,https://in.indeed.com/rc/clk?jk=a87d35512a56f529&fccid=4ed03476a1620afb&vjs=3,Larsen & Toubro Limited,"Chennai, Tamil Nadu"
69,Civil Engineer,Civil Site Engineer (Immediate Joining),https://in.indeed.com/company/Lily-Bharath/jobs/Civil-Engineer-792531d739cb0854?fccid=4b2700b82241a373&vjs=3,Lily Bharath,
70,Civil Engineer,Highway Engineer,https://in.indeed.com/rc/clk?jk=4db92736219108d7&fccid=6287a2a2ef05ad45&vjs=3,IRB Infrastructure Developers,
71,Civil Engineer,Mechanical Design Engineer Trainee,https://in.indeed.com/company/AEE-Structures/jobs/Mechanical-Designer-dd161ca8b09957ec?fccid=134e25c678328555&vjs=3,AEE Structures,"Remote in Chennai, Tamil Nadu"
72,Java Developer,Java Developer,https://in.indeed.com/pagead/clk?mo=r&ad=-6NYlbfkN0AjN6GkPwIr5r0CNrjWrxpUp_86UjYZ4Ic2KaCUq9Xd1UZi_YOF0d4usQiwuZzKYRQJvgoe3aANBdWSanLPnhgh89Idd06WyXQImxh4Xigc3H2oT6jihomjySn_xRS__4asnkLoRs8tEHhgoyAppNj5DWM4s9YtAPD2aFfmwXlUNCjhd1PPPCZOJz0Szc5J8vBaKT2pFoNRKlWxO8ME6KzxZTTrUELLbOrM-ZQ08f_jj-ZfvwrPYgIcdfC6cG9oRjOxY4dswNbUu5_y74QFHIbh49NJhxW4vypEN6uYOp63zRzo0FL5EEyHm2k6wd9SBSTf6jmFwuomLSg3jsHMaF3-YZ-7QsUaxc4p5Bcy5-AQeKz89ntQGtu5yAz4iTf6Ulw913_Yjgs04hXl9DCSaN3Q7tNWpi8Oe3CTYS2E6hUStZeNAMvjLauX20vrf8s2isfISXOpfQwBhTNUeNTuIyqKuDtvNODiFpJq5YN-otTQUOdFgczx-sZUYzk84AT1KkhBCHHqjnIWoA==&xkcb=SoCt-_M3QITX9XR8wx0LbzkdCdPP&p=0&fvj=1&vjs=3,Tek-Pal LLC,Telangana
73,Java Developer,Technology Lead - Java,https://in.indeed.com/pagead/clk?mo=r&ad=-6NYlbfkN0C0E1kVSxZWqg_3rwn6zUnYbszXdTQpf9L-zhTFANv_MIQa4zqo0SOUsw3GBZa1Y4UA0Vy4HctL0kRLvdPG40vuvX7gXx2ZnYlWBYNAi8Jx_gemE-gpBYBuzaiiTw9tyfw7vSLtDjAiQklWNRV7holyeFCphru5QA4IZGYcLeHklC1GwdUNpgbbiAj5M--xA6fzCd8_oA0ROqfDAUfLbV7nvqh_YlGXEXObiMyRq-eYK6FlNGfdT4Wu6dSHRP4f1laR7qdPlrOvVqFEXs6X29vRTzpvbvUl0QV6QbfgxsOMhkl-2937fYOA_kXksGRmE6xj4SI3B30lSOxWJbpPl0Bh0vWsZ7HKIZJYvzxN6BRSqxhaE9e-xWKPcInC2AnPTPau4SohzBgIleFBhY50hTe5qVuhuat5hLd1nBCRhd6Wsb9PCCKVQ_V-fo39RoafQpeExyj6bISX6m6EHKdxLsKmPiuyduKGPwMeXV8RErEeb7xn4ZJdcuDkV-KHtC3Y0g-q7EMe_NQTuS3eRmw6IfUhkom9KPzqheAiL2o-gd80sMOmpwFzr2Dl&xkcb=SoAZ-_M3QITX9XR8wx0KbzkdCdPP&p=1&fvj=0&vjs=3,Infosys,"Coimbatore, Tamil Nadu"
74,Java Developer,"Senior Associate, Solution Engineering (Java) - Remote",https://in.indeed.com/pagead/clk?mo=r&ad=-6NYlbfkN0C8y4Gl-ymziFpwoz6BKohGaOLS_1AYd4nfx7t2e3XMz-nqah8CDun7wxXzC3BMULvft5NDjsYjUOegIranuESFB7uEPXxMyyQv3_kCRAGHCcWkIPTx_GVg6fZvkNrU9V0UwmMScf-QvTUxuqLDHW4GoCswl6y7DBT3tMpp_4DzxSkjuxJrtcC8GCEYc37rVplHh7dbiEJjJl8Ac8GpRAeL4mV2SntQAOcOdg6hGSMGTCs0qTrvGnAUQqrr_t6rGu9HEciBqveCRJOwvlTMuq4DMl-vt_d-lbHup518y8SQwyeOEtouduPKhtvWQVdHjg8ud2fc79hx2C6kTXj_5cXZXdy0Y626leZ9y8-NUekk4yBXksOmWtmBMYpmzun8sR5461s3VJzj0bTcPPd6kLuhku89OH6gOIvgaCNaC2xzIigK-9Jr-bWbmAt53XpvVAALKnk2ULBdHCXmT9xX0VRgHLPT-AtIHAJLgJnmHKl0dDKK1FfedjUbfpuZOOsUnxdTIYQFTzYOYLGFy0Pj_opUUxqn3OM4tMaoFbV5xNo_le3TfzIBMq7koxqFJpWEduFIRyoFy85qVPlnxZuAPdSn2J6HsM-Ko8FutdidAVy3Tw==&xkcb=SoCE-_M3QITX9XR8wx0JbzkdCdPP&p=2&fvj=0&vjs=3,Convera,"Remote in Pune, Maharashtra"
75,Java Developer,AEM Developer,https://in.indeed.com/pagead/clk?mo=r&ad=-6NYlbfkN0Ahu9do23mTQR6jhIf73J3OBjX0Ay-SjBe2OGnbMKpgtz6XT6dfi6L57PGVj1942dRf9xv24srvVa1Bp70sqT1FUgKb7ST0flexagr1B9g0NEDTCm52sZgUvIBnh1TULZqY_MuN3F-2d8EvuKB_IrcVTyf0Ja7cBCHYiCuXDXHuZzjwBeZZ1zb0HBV4t7bGI9VuHy5LvECbge2XkWy6mAeNSH7HLuXn30ZjmaCLaKTj5ofwen5PD6nrTas5J_A7VfXJSBV05hhARwTZHQXE_r076BMlsE3_VVVMY0qteaMeS6RBXu73tqThg-cBDCjBVtglj9Pe-lhoycFsM_iuNJRNVZLsU1AYo1LPxQdxlVI4oOZhE1oE61tV3ZLD7sCtZBvfKpBWjrLjgkdONLmVpRbZAjS_VOARh5dc2CKZWZ5DF0QjWa8PGNOecFgnM3RWW5i0tkorbOV9pWTs5KBb1aJDLzkHjJuqHt5W8UjSFGKOIMOOfu7svn6PB8j0e68YOFX6aFDMScHZ6NSMTTeUKbAk&xkcb=SoAw-_M3QITX9XR8wx0IbzkdCdPP&p=3&fvj=0&vjs=3,PLANSEE,"Bengaluru, Karnataka"
76,Java Developer,Senior Developer,https://in.indeed.com/pagead/clk?mo=r&ad=-6NYlbfkN0CaJImz_vtRc9M3IGAwtEzdSO9HcaKw1mxcjZ9WiD_ylKQxBB47_aLkJQfNKvQfHruc4ReHzL1Wq8CvtKTFjiDM8gP1iYLqbUny3znuI4jJdG1PeKWPyEejMyqIf5BTI95VP3c2FTg2JN-K3WO7x3uwo1dO5hOroAwOcZtkPb9kYOnIUHx3m-eopLT4GSlkmUv8xiIKBMm5mPWFFWF-H78LhQc_MqQu-I5tXpNIdKnzaU0ev_re8ruBj2zb8RIZ0oIEp8WiwJjItBwWqNkWegb4FuYV96nDRnOq5gwX0ruYyqviaW8pMH6Gx4Ja8XVg9DxmJXlryKm2RkAsij_5vPwSbDDnGso7yMT2WJg4hopA4BC6nV2o6zmMVhesKiAqhASPiYa4jTq4CwISgmWUfV6Jt2_oOoZq3L4mdtF8qiL1n3uP7d9ek_1AwkhQx4pKaHv9wDmPngX_OrVC2GbMF_X3RvZiU9ZaqhcE45k1bFkuQQyKBUE6sE-4Glr_G3elkn1YUiVceTjqUQ==&xkcb=SoC--_M3QITX9XR8wx0PbzkdCdPP&p=4&fvj=1&vjs=3,Decision Management Solutions,"Pune, Maharashtra"
77,Java Developer,Android Developer,https://in.indeed.com/pagead/clk?mo=r&ad=-6NYlbfkN0AiVphkrx2tXYuLAa9Iu-Q41R-k6S417swQn7fnfmvXMLI0Nlcyw7G852FYGAiYCTZxIYxWrrVyz3x7sLRBplr2DOwPZKQIuSlMcLkDmrekfPk8iCKqz-QmsJsmIpT40Uaq8bef39SWHbprjtXevvgI2OE2dea8_ehU6EnzLLXdIMqkvAQ2LKbMVtjHFmNUDRXcatQLfY4Pzm4hWxpCDyG3uXy_qbrbyYJ8fvmJk4Mjlgvg3EODLINkvUiEis5GYu8YlWY4dLcsIeKXFbInXqqpaF_T6u61GM_U0mRMvDx7oe2B2xX40pzbx5SDsSUHfsb-nTq75bhK2bWcfi7TPOc9FfjZorRAUCnfZZQI6lCK6yBXXGu0TPRE6eEq7rDRneQI_7UJyOrNuR9ev9gy5o_STy9CTvbMeReGSCzcDDCYUntRbeUvBiuiH46fB6JCswCGOdnXGppdHCI4vqNE5SwKDMEsw22t4MDAeiYmj0RNopSu1mGN6E4RYV8lu-KWo0afGXbaNTetxNg1v_duYrmWJGLAlT6NW9c=&xkcb=SoAK-_M3QITX9XR8wx0ObzkdCdPP&p=5&fvj=1&vjs=3,Teacode Technologies,"Vadodara, Gujarat"
78,Java Developer,Urgent Opening for Java Back End Developer,https://in.indeed.com/pagead/clk?mo=r&ad=-6NYlbfkN0DaDeacnyAcjR_xPF4_AGi9kgHcHfBbAiGbTrdK88lQNTyJZipjE23uyzOLYrsKjxLkhNCJscarP8I0vUG7aBpDeqFEfPj1qZul1pHvwVQiJR4jJqaJlyV9msRVRPgPAKCnOXWy8f9iw8I1wNJb5mqSRf3a1mv--N5sKmUNNm5AOzb-j1uLD7aypwBJzKQMjfVrLLZgLk5PXfMlJ1_RYTHr47dl8RufhsTQVq7K0ptPy-_0AqQW8BBWtsHfut8y4aihqyDHZZOPToWsLpv_tKrL_Uj3EKMthpOx3yzNvAHWSrOyM03Y6OB2hKS-7umgWBdoFBh5DM7Mx-jbfyptDHA3ci7EaowcB2ugpsWaRmPjK3FHkb-3Z9bv26XnaT9DFnhlvBiKZVp7AnViibhAVimci-VKLZHXu1DH1FwSt1Lv58qXg82nildMjz7tVkkLoJaoEuFhG-CeUXX1YMAobIi42UGpJQEHNnUFx3JmmlsKzCxluEX4ErghE7ac4G42bm367xVv-S63t8wM2bjvIbFGrKMB9Gq4s1twJMIysZqTfpt4825NDNsrS6S_vdgqtT8yvkuDl6WZZ8k8yM76SSDBzUDaNaP-1pUj_1YLN7VSg3IWYPTTzQUvtSjFraIrzpTBRUMo953acM4axQ7m8PLmxJF-O56aCII171aW4JRSfNYXuPUfoLwhoxYM-B6dkxzfZZSUr0jW6sKrijDUNEetla-zBRY2P5--L7BgyYqtr6QR3DiQGgwLOv-XMHcM7BV8A3O_-TqT4hAog9-M-eow2zpUwbDek2iKikJGItsNwStl74m0Z4a-prgfuF_0y5Ba7jGFemz9KwDhXT0F9g8CWIY20lmPiyDiwe-gKDQUlDkHcxAU2oXg33ubb0RSDCcFSKrHQt620keguH-j2aP0Mn7kLL1PXSchh6EB_7l06dodiezIbVOB6TDLzt-5Km08uhzbHLyES3PsUs9VyilRm7tCQrwqNzgSIzBUEhIt3JOcHSl-F07-vY8WJ2KvrCHlrQVFkv1Tag==&xkcb=SoCX-_M3QITX9XR8wx0NbzkdCdPP&p=6&fvj=0&vjs=3,Capgemini Technology Services India Limited,"Bengaluru, Karnataka"
79,Java Developer,Website +App Designer & Developer,https://in.indeed.com/pagead/clk?mo=r&ad=-6NYlbfkN0DW7h44oa43qixsdgqiP-S9W7DuVz21565zooiiiLhuQTeHe4MJmYWfYnGZldaNJMsio1VRinwWoo8tetUX9UhFKPVqmvqeuI9twVcAoAHSHfxX69i_SSF7ogs9vkI-du3r54QgxSrSPiRrsDOSr1yjBX582fqe4sJMO1xzXOqnjDy_Z1xXAApIucssJuSA7MWM_Qqi9ekBVrq3DJpiUTU-fPNxfGn18GSmpSG5r4uCiPW3VfegMIOYrbJzbsbiZ7HSf3siXNaGM6OMCHR_v6MJjAiyP0EJ_l9BJXvtNYbw8njrxZxLnpXomvUWEkLGgUePHDxI72Enk--1uEnjqylcYQzpQyaEKf8ejsLrJbe8hUSlZt1F1H7-3tUPgtNefRiJZc6oBUhWa6_k2xIRIIrki1OS5ZnT343JpaArKF_SRAZ7orrwhTr9C0OmOriUoXLXR_cZk16opPnNtnbtFD3iidlSIkNYTikMiYsHO_wHp5Z5Nq9ET8kKwIoYhhTxXddbTfEmBHFoh6e1yeyhkTjC&xkcb=SoAj-_M3QITX9XR8wx0MbzkdCdPP&p=7&fvj=1&vjs=3,DigiMark Middle East,"Guruvayur, Kerala"
80,Business Analyst,Business Analyst 3,https://in.indeed.com/pagead/clk?mo=r&ad=-6NYlbfkN0Cj-KmZPsf9w80C8b1WzNVrlanjD2SXJjxuCbUWHsXPZsgZzzocxjLAFVYGdHvU9_6CLPdMQcdlKJ4gndbuk5AtYDkCzsPjrskfUpppdIsI9e3eWHeM1z1gjijInjkhp3c-JpMMgWBUzC-Ri6qv-ZChIti4MFtPSF5OW_Utv1UiYJoK5bLCAAHyusJhXuSpOWwvcbzR3Jj30fLIZceEIyTOURCxANt3ooYqdaUdacd53TfjW0nlFCwx0IyIGJtgqvHzdAfIanqsDtXQYaZHaBOT6BEKVRQ_crJWk43OOmE4UsigJr4QSeLkQvi2L8Fio8RpfGqEcP9Nqxc9LJqwjTwymo1Lz-sBE6drI0MC1wsduBB1D8GEKtUr_EnSqK_Du_KJZiTmtCGJgzXQwVzm1PHjIVaOxRt04Vw8br5WBfKRImlBMqHJt92Pghsee_0izA6pUp0F9ErE8dK8KjOwonRwyZmVaZ7uSPV-1Trfq3AkBM3OxXvZ9ihKsvXRRTQN2vqYscw7QD11t66rkgS2HWRzl42fJMVs0ZalfxjL3DAAftuD-SAbfa77lB1Qnft4dMjk022UyAByL4luHbRCmP7MggK4DjhW8GZ36nXC4PuI50-N9JZ6GdCvLcAIQWTL46VD0lzyHR6FmdqaLkX1uDCIm2mizI60-z86Kh7mXl5mFaCUJmIx-cSQo81CoEcClIZ6t2Hc15z8YgW7IYVmW92RA2Dwzt6nBl4_0xUlAwWCZ07J2GQLSYqL0dRfPvsFPdS_yU-X2BkRUUWnrBywx49TS9f2nPXY0_8iOyxslJ-Fr-xTJ8_wnDOqoT9np4paVPQ6BXYScsYpZ3QOkQqJJ_cRMbydR_aed-dMWabxF2_XaHmhMSaKKJ839_JZohEM2egMTvt5lEtumQZea1pQSoZydHW5tdXhKDHlMM87qND1IScoysT5cYghHF1XMRmBWXDtQU1w-j1UQZxZvQsdJz--LKiv4Sy7RH_th9QysBlr6jRTP4BImrLQMmmCx5ZyiNdDnW-sIRr7ulg3sZr-gfxfBjT-5LXiLXoZV-Q-RfvMp2SiAc0Ur6-zgVs9hLessmE_fKv7JvU7K5fYhynFgVbfgfK_pDk_6LN_Wwg3UWFzj9R4Ha57ESz0iTX-HxR7w0r_3k94m3DyP5UYA9TwAQFAyiAtDCoj_k5m6RQuyP8auAyO4JhY9TwiTxnBc0l8o3fcwTXrFEZIJA==&xkcb=SoDl-_M3QITUiZ2HER0LbzkdCdPP&p=0&fvj=0&vjs=3,Comcast,"Chennai, Tamil Nadu"
81,Business Analyst,Business Analyst-Life Insurance,https://in.indeed.com/pagead/clk?mo=r&ad=-6NYlbfkN0C0E1kVSxZWqg_3rwn6zUnYbszXdTQpf9L-zhTFANv_MEy3-TDTKIO3vOAnPNI9rvuPjyux_A6EzvCr7rSwQnIL-dKt2IPUfPzNK5kds4-xlRx4v607gPD8CWlI1m6HRAnZMHFwQs5sbO3orRaPVVgTzvadHPpPJpK5eOtR8PpBGnrQASvQiiNOL0eXEztL-Bru5VmbIjAG1FqxfL6x6ELjMFEqTBoxvOlclb2Qx2iorVY0bo4AR8CIHdJzWUseMy3tnjduLyMzoYM9VMuE7SIzuklf4VqDMsJD2ZyD-gu1yyihLg_nCWaGnBAyWrez_1LZtBOdVTcB-SufdYpbVpcJSnpTMW_k2DY0l3BJCzfdpoTUR_ML9jtjKf1KWAFaCHUI8Z6TQ_cXyKRbRqY5H1IhG-5F6qShhjUgoHFhmpDFLEPSh9SSvIBbrGmNnmG6GsCDYngmWL22p90yRbSOeec-T5sSNNlFsOZ0t_yMgyQOk_kn04ExYwiahnkV6LUmMXEZumBN8O-UNs7fdcFyRln8pWPFe_wLi71oshLdCvg68dGDQN77tB2z1RiazRFpYIk=&xkcb=SoBR-_M3QITUiZ2HER0KbzkdCdPP&p=1&fvj=0&vjs=3,Infosys,"Pune, Maharashtra"
82,Business Analyst,Business Analyst,https://in.indeed.com/pagead/clk?mo=r&ad=-6NYlbfkN0CdG0mlcq8sM0kM4Z0XjE22y1IvS4TfdSBI7lJNBQS5z7JpQ3_4tlP2Z1SxCDGvrdk1YUiA7Xbve5kcaagls5UgOlqfrtovDanaUxP-0Jxzfd-wRFNZMLx7jldtvD6RWOtA2pf2SuzGacFq3l5hwhWgt5WnKlWPIELDxJIpHKYakBsKrM1WtpF_csKhu8D3QGz_zuVEhH2GFxijqjYN3b4w0uMYGwiJXpiuM2IdbaiHvg58g0diMz8GxNVQDK34Zza7krWXrXpAasLCzKhdcj3LFDQq1Fpoe2ezz1gRiw_4rxcxqvRVwoGmBlTF9mw8SHEZ_zvHP9JLo2TI_FwCpNlX5euRWnHEBo_1pRR_kY0bdKKMJWIuEZfQ1QVHoq4SqYQ_fxIDt8ReyAbrqafqCm5fKQwRAscNdM4hhy3ktLCtwojbzUFscR_UER29xi3GIw4Qr2Fvln6NpDDFMArmEgu-sAljcuZRCHZ2Mwq68yVgsTdEhXSuWqnHhHD3Wc-XmgayFdlluQPJbQwwAF5lGdgkEWxA465PpJSoCDUFsEDJ8u-58R20ENDaIdo94z7DT6DBx2Hr7-2alVNVGqakR__fAie37nAFjRvquTLaDqZbbaE-N7KInTvkVc6QTeBCJOHb_D8SQ6NGmg2zNMpbf-zyWG33tl2HovQ=&xkcb=SoDM-_M3QITUiZ2HER0JbzkdCdPP&p=2&fvj=0&vjs=3,Telstra,"Bengaluru, Karnataka"
83,Business Analyst,Business Analyst,https://in.indeed.com/pagead/clk?mo=r&ad=-6NYlbfkN0CnNttioZixAnW7uxslGLzvbyIraSljA5hHPnftdi4dkAZMHWBdrXaSHkJQhqbtm5aarMBXRJzxjywH0MVi0WXZlvnfeMR8Cc_h7qo4-KnF4kM0-7e46R3ZbDDCmWMWcBggVYrKTb0js20crMMYG-Gv5iIriqLxKGxgfOIpjUmX8bI7lGRjHVu4PF56KutIO97sg0c2IsHIe4JOSjd9_frq0cY-7AfzJ-F_Is3K4XvCeyyU7s5I2SzqAymD14B3g4OS65rtPZRxRCwRpg6Q-EuLjo2fkaY8c7xIbkwDOKz2V-ntk7U-9yHOfDMmIxscozTwchGIpt_gL_NQhzQtSxhDTTDvUiqfjYA2ka0SQPGS5-B6nRxN_70wSLd17-mWBeRrMmGgcTyo2RN6OPbnWjzshoIWwt9h-JZAsue-QKl705ZANd566veBVvghCEMaQhuVkGhiUI5K-oxlNqeWTvdVm3KmIB3JOHoX6tsglC0gjXYZIVNyQv1q1YmEmM66NeJf47FmBs6YSlrWh2vRN7G443RjZtNJBWqKqt2wjypM6VErz1A5I3M7YEa4KErETtI=&xkcb=SoB4-_M3QITUiZ2HER0IbzkdCdPP&p=3&fvj=1&vjs=3,Extensible IT Solutions Private Limited,
84,Business Analyst,Social Media Operations & Reporting Analyst,https://in.indeed.com/pagead/clk?mo=r&ad=-6NYlbfkN0D4rQszy01BtqKc9wzAuiOWpa_L6Vz52fl40lZbVFWLa2ICEzUnMsFougohK2E4bKpLvIbohc4eUlntsWXPioF_91rZpgIR8DlPOdA2ncfAI4C748giwGVN5uZlFb1qNmvDavQHHr2boWs0BiCW3cY-FeetcDdvpjLU0AsQTxDZpPlV2Pr_HptrEwgHpPAt3wKzWZCPTnhvbSnsgLJlDZf8inQAqlFdgFDNU1ufVkjVy5RRd9Z6f6aqSbzP5puX1s7unyv5JDVzGXH8PIHD3tZs_MB894zXp-61O8eSW7J14RCxZYDJZxiK7DN7HDuARFmJtndopa05yJKle-9KQYd0X7owiy3K06_JtHd6ld7P8-XgkdQZW41LsQXGcdGMU7PhlkzUteDN79LQYD7VOGHNKIlO1uAx8M2Um3vWQSPES7Fl0rFH0lank5CohhtaiYnavUGCTlIOXWc7uXIChZ676iavvnhy8xoG7LUkCNiz-0YD-5xPmIfm11pBiu_o_PhBpNlhvvEXRyf_ZRVY2kJDsQFPbtatRWJjhqIAFmQKIZs7gRVDmMGuA4aluFkYQPFBRAEXQLo27jPyYt_5LM6WhEvfNTb-wo1CJAJ4P6fVkQEbPL2tuBpGUMzKNyp897kd5susIS2D_dLMKbn32C8Sa5PG1-OBaLNGLy5jZpFlIhzE6Ms0S14eEhMN3IEw_mL1cnVZCil0ZIslHBBsttrgsarItKEh9-pkDD-PKoK3UdoJT3N7Au_Whl_J2kdvVk2eBhfA99gIHUomYIusvU5xlDu4ByaSCO0zfjzfJzCfnWj_iuokf1QwX8pXQiXuGQm-xBRDx8VnXsxqk7s-z4HLGjoRuXI0R-tii_lh57C2pf9DSJzq7j85AMcSnYuNCc4NgTnf7nV7Qjmdi-oPn-Ef__q45GiuZIfdW6Dc8yr8Ve0xCQzVomq5mdz3bjvhIqyw2l7Md9svB0gdT_ZFLszD70sSeE3CEIZWkhk1OdscAD3zApDBk-gs4HmvFGwPgWVtEFxTv4-eo2Lyo9dUw00teT43R1j7jIRWcDOpKrfK50dOh-FL6J9I6VLe2uolQ7TCtI8ssjO1LavRO1LLqa6TpJnKLLHnw5s_TGm0Ibl0WmpJEFdsWmzo&xkcb=SoD2-_M3QITUiZ2HER0PbzkdCdPP&p=4&fvj=0&vjs=3,Labcorp,"Bengaluru, Karnataka"
85,Business Analyst,Business Analyst,https://in.indeed.com/rc/clk?jk=8be79fa5732583ce&fccid=9ff3d3c80e892c04&vjs=3,Rubixe,"Bengaluru, Karnataka"
86,Business Analyst,Business Analyst,https://in.indeed.com/rc/clk?jk=50179f9d6eb652da&fccid=3a110698c01c13ec&vjs=3,ESK Technologies,India
87,Business Analyst,Business Analyst,https://in.indeed.com/company/Top-Talent-Techonologies-Pvt-Ltd/jobs/Business-Analyst-5dba1ca3629d28cb?fccid=46741b30c1dca25c&vjs=3,Top Talent Techonologies Pvt Ltd,"Bengaluru, Karnataka"
88,SAP Developer,SAP BO Developer,https://in.indeed.com/pagead/clk?mo=r&ad=-6NYlbfkN0C0E1kVSxZWqg_3rwn6zUnYbszXdTQpf9L-zhTFANv_MOMwIcWzk_oRyv4voGpNPQqu8KV_Iaxnn_tB1Wu1M7G4RX19b1SFvKDhA-ujSzfmCCWLG2CiPERLSH7e7kNGZGh8KSVPxJy6HWyU99OmCvjbnbQWtpMzFwb2i0WnanZ5mJ2mhUZUZRt8Nip0V5o60EY0azsR-BNHpjOhULqiL48wysCVrxVCDmD385A5ugesL2zLMOASE17izkWX7IMaMO8MAHcgroUyWhY5pyPTVZnLv0NTB2ENzAMXCJ1g-p7PFfchWtQNc7wYiMO7BydgN8IHNW9IKrQ8eGEl-8TJ0u4iq7RZya0PiPyZLoEdqGHW78lLlrkLHFNBpEaeuBqHmO7o8EXQC_rh2T6jlK6GYo1ggfCrUz8Cdjl3z3HM2RuzPZW7dI92xqrZEo0WUQoMgtvDOIEwqEseBTX6HZKUMaHUhej3J4QroOdJ4-irmf_a0F_-dKzePlKjeUDZndTy8T63Y2TMbTSduu0V_zmaXPaHAtfmB3rA39FZQwMuLEi3a257JN_yrwk8iiKsjj3bv-s=&xkcb=SoAj-_M3QITRrPQFt50LbzkdCdPP&p=0&fvj=0&vjs=3,Infosys,"Bengaluru, Karnataka"
89,SAP Developer,SAP BODS Developer,https://in.indeed.com/pagead/clk?mo=r&ad=-6NYlbfkN0C0E1kVSxZWqg_3rwn6zUnYbszXdTQpf9L-zhTFANv_MOMwIcWzk_oRyv4voGpNPQpD6mjjNfdcgzq-EusRDwMgLKm7xH0-gfXZIrF3ZtMMbwOcx4jkmZhHV5P1_azgLIZ4omkFl1XU8ikLVek2sPdCpqAo-GLyhFmP3qjpKPw2S0GyGA8n3vGSWr56UDq7GK7RhOYQ9PxGi3voAZsgRRY48fxoUDcj83ds6p3OXudUxSl8611iRSIPC6N9ZuruyTATp85RRgcvsTfSufbMay-MaAGhNdWUTuKHlMm7VcurcF6FSfdlrC_B60mpUFf07bpwSK-ufSvuo1YzqPo2aTTmN-I2UWBd2zz8IFG_nwzFDs7dF5rdbExWzV3435YyrMXkhYUjwlNOuuu9eom9JBkqP_y5QRWwPrcpn3NcW7gXEN2sAoU-DMPCCqqzVne6cggm42tYFsbTr0hnvdZ6vZzcOkSTYBEFO0JgRMpphXm5kZ2WGCLEavYiWTDDNERWTEgDBOp_CuEfgdWBWjRWt5zssMf5WQ1CJTnYj9UXwxTplWNs5IdhOZjrp_iLOCqakgU=&xkcb=SoCX-_M3QITRrPQFt50KbzkdCdPP&p=1&fvj=0&vjs=3,Infosys,"Bengaluru, Karnataka"
90,SAP Developer,SAP developer,https://in.indeed.com/company/Albireo-Tech-System/jobs/Developer-b5a11c7f0f933410?fccid=4495f8b04aecf27d&vjs=3,Albireo Tech System,
91,SAP Developer,SAP UI5 and Fiori-Developer,https://in.indeed.com/rc/clk?jk=d491aaa60bb1bf1e&fccid=8d25321c1defe73f&vjs=3,Wipro Limited,"Bengaluru, Karnataka"
92,SAP Developer,SAP ABAP-Developer,https://in.indeed.com/rc/clk?jk=a1f9e44c31316b9c&fccid=8d25321c1defe73f&vjs=3,Wipro Limited,"Bengaluru, Karnataka"
93,SAP Developer,Developer,https://in.indeed.com/rc/clk?jk=758ef3de496cf88b&fccid=8d25321c1defe73f&vjs=3,Wipro Limited,
94,SAP Developer,SAP BASIS-Developer,https://in.indeed.com/rc/clk?jk=53e5807f583c78dc&fccid=8d25321c1defe73f&vjs=3,Wipro Limited,"Bhubaneshwar, Orissa"
95,SAP Developer,IT head for Software and Hardware for supermarkets chain,https://in.indeed.com/pagead/clk?mo=r&ad=-6NYlbfkN0DJuLH5mtPW67380WahUmmbMM5en85mtXS9AHxbzmU9xT-TZwHJgZfXRnUVFNU3PSVIQyKph7SjYjodYNY9V3VogCWTjvMPwITspccBJtXU0aVvTf-zLzTdvFd4Z5ebN2k6oiNVPR3JI1ASnur4vbX7V6195-fHX_dnk5-pLJhRFVGT-fDtUe7nsarOv547lgxoW8pZ0VVfLLYjOF6No5V-7tNtZzJSMXM4DNs5x1GEY57SIMcWVrFRD_xtT172i2rLz5JuTfUNW3WvUiPoppSimjc_FRx9Az2d1HqOWRQyxr77WQxsCpbJnBQx6PWgLJlZyEzcJRVEFNJ7TIIKjafAIIlcMlVPRBl9QMU3pLAw2aZwXmp25hEmeg2Exki8PibE4aGREyvxePnohztyzDHW07LBWxuknS7VCmmjcwgPxDjOvePV59Vg4PBG1bvn7G6BPPOBWG7v66sC-rzsOnttAmAtyeEKnvmckQ_GKc8r_YhaGVw_VqjoCYZwR0zoXszjQPMeRinpAk1LPujpTAb4V63_ykwun8cw3iFzNDI9nUdvGXaea7AO&xkcb=SoCt-_M3QITRrPQFt50MbzkdCdPP&p=7&fvj=1&vjs=3,Madassery Ventures,"Ernakulam, Kerala"
96,Automation Testing,Manager - Infrastructure and Cloud Security Audit,https://in.indeed.com/pagead/clk?mo=r&ad=-6NYlbfkN0C4CuLs0RgkRQ4ahryJUtoKQD6LMuBfCmFEePn4fjNxaCAXIOL7bpnGx9WHptylahBc3cFD7_bowpXBIXQiMb34Vwzd8VfVeGITSHMDecZPVxzjePhMszjPHBS3MlAqcKcq2lgRnl9BSjeZ42_SE1NMVyAa8BZOHBZBXjCdL_xEN56uW8BOBFmKclV25WRUOH1geqW6Oo4E8WFaGxKFA2eMtbwr8HG6Hwjh8_25Dgj2sT2c23Iuk8NRtK0CcrgGr97eGWfdgaJfi19ruMyx-wEaiih-z774uUAGfFn-W9nreFVyeKX3uTtNyjH0gPFngzggjPwRdROSRE_a5qYShCNTCcSDQ6xWNubfum4wNkRaVgQHfoKPuT1s_eMxHcLlQyQG0QpL19ZTMnS_kn8qZT31KBlr51ezVxMSSiBouSDLU3EK9OFiwO1UYnxTj0qhdIi9KLfhesGrooPQJT9a3hyN4Tuofg1jA5r7Zsnmk_hqVlzyITO0RlKf1xIvLBYtxst0fG5PwXjHK_ygtkt0dswOOuQoQJy9Xe3chE7aDMFRGmDCMHDUKfg3Y9ZBBSue1Q4VxUScks-iampCF0sXRhuEJx3FsWoTG6XLC_2nrtk81J4krpFA0HV9&xkcb=SoAB-_M3QITu6DR_qx0JbzkdCdPP&p=0&fvj=0&vjs=3,S&P Global,"Mumbai, Maharashtra"
97,Automation Testing,"Engineer Sr., Automation",https://in.indeed.com/pagead/clk?mo=r&ad=-6NYlbfkN0B9Z5kUrYpJSl1jY-NmjPX7HlwbyZlOtE5lNuYxyWYp6wH4w4oCjnyWj2mpoyouuSa9sc9gWSTtJ44hQJrNN2VtljECmr8V8mFxXjVrnxjIR1dpi8CJn77tuHnpeWRvpHHnfWnzTqdRR0POGydsd5VQ_YfMZLx3PVw37uLDf-5WMjY_atteribnhW1LxP9SzYnjtF3bchvPsPLSiOGo96hKiz2kLGVK9WJ1wEVnCB4TT3cc2TphETC2tO4IGDgjYT-ZHNupHsHz2ZKBtMj6j-K5pf-Zn4ACQZHoMasQIsl1DJ_tlMzMLk-gA9UplkOT887vc9uXcAQ-9KBydKEBvnLBrc1oLKCAE0h__0MrRzpb07EzICmfN-bhnsMHTEZpVQjeP7P9GCj40HIgdcIEbRnIgWI4uwjXkxM_y8EzY97YRJCI8SWIDEdVUhdFHCtwrqa0XOkL4WKsAeJJCRizP0sz-Zc0T1OAllePXxa4LSvnASm86WDY4UYRr6g4j2lxmBqHbwivzGHDIrPS8dwmd5Y5Gv4VyoGeJWk6xHOQzCX-Pw==&xkcb=SoC1-_M3QITu6DR_qx0IbzkdCdPP&p=1&fvj=0&vjs=3,Giant Eagle,"Yelahanka Satellite Town, Karnataka"
98,Automation Testing,Automation Testing Engineer,https://in.indeed.com/pagead/clk?mo=r&ad=-6NYlbfkN0D5mXFGwCT9lo97i3gsfTR9iTAPBTm16RjVfbVH6M8QHHWZXGq8N5ykkgKTPmGEg8DlgXCUNWz4sXp2xBEZMcmy-pcN89fJiwXGI3W9SySyKuioMOWdLVC6p6qAJXdq14nWUJ1ek2HRUW4lxbOV4vl89cf2jH5tuTU3fFK47sCKeDXNQ9R830T9wcLrC3z9OfLVqHC9-dYLCDFqpEXGtWNHExkh7KPSYHcJguerKgF61B7_0F1li9O99MlIzMhLYVG0BCi4kUgNoUtLkoCB9dq_rpe6RRuuPlMfQu9ZLyzREZXtXJlTyyVlg2URP0OT66UpE00wrkW6YMY-2bS1jNaLpA2QEYfXl16Cv9ulOKY87xa7UyUrTfCWKvYietYAbH3CAlVjxz65IlnBfSC_-Aq6mvkraYgp_tgP1DH7S05T3SEp_ibEg7NP9GS8ktn2sfMPe0SXIZ63CrCmQWPSR_cEuwskaTZvDSz6KwTSZyiWVsLE3w0H8xgJj80BP2XO3RDFXF96ar-kR7YkU_QFNjWLPVmj0IvdsxKamHMyNEwBJWbmKkaa2lRgUZMUDNmMeTz4KdaiXGwQPEev3TC72ql2URJ_3fwCM1U=&xkcb=SoA7-_M3QITu6DR_qx0PbzkdCdPP&p=2&fvj=0&vjs=3,NOV,"Kochi, Kerala"
99,Automation Testing,"Analyst, ERP Functional",https://in.indeed.com/pagead/clk?mo=r&ad=-6NYlbfkN0B9Z5kUrYpJSl1jY-NmjPX7HlwbyZlOtE5lNuYxyWYp6wH4w4oCjnyWj2mpoyouuSa9sc9gWSTtJ7Imm6kWP8UHLbp9aZNTTRVEu-VOXOD8tI7pq2eyuJFTPn-aCyQ7kqGqgDtmeWlkDsbTeyuaootAKemTL4uIstMJGHoMNlrFgUQF6CpABQMtErcArHa2u0Sqn1AqF8-4EtRg34bzFcEcPjxcbt--RLah8PsYCgMych6ABGEwxxbmujr9KI5CiRo2T1BO5qdY7R2f0nJEySHnG2IX7RF2R_C0z_iL5QIKXMZlRKCdL3e7osNTwP3J7g00KlUir1wP54mZRzib4YzwaCoLcH6uIRHv2_J-l0kNEPZgvRSRgifwl0tJAweCtKPbxl7EXgSojvnXu093SnD_wNEuODxAyTOztHG5BKX5mQP3_SYHgplD1S_dXMIpWQJ0lt0ARkAUTE3G1Dvz6v5t6aDfwZQLJllOq73FOi1oYTj6C00N-7h16uYMPcaLGeO2GsHDp2r43tApbM7R5suZ9b8F_o8X_q9FtDxx2LXmPA==&xkcb=SoCP-_M3QITu6DR_qx0ObzkdCdPP&p=3&fvj=0&vjs=3,Giant Eagle,"Yelahanka Satellite Town, Karnataka"
100,Automation Testing,"Senior Solution Engineering Associate - AWS data services (Aws Glue, Athena, Quick sight), MSSQL- Remote",https://in.indeed.com/pagead/clk?mo=r&ad=-6NYlbfkN0C8y4Gl-ymziFpwoz6BKohGaOLS_1AYd4nfx7t2e3XMz-nqah8CDun7wxXzC3BMULsMVIhg_7P3FK1TeM-04tqBUB10hyBp05w_6HZVEtaCccUn7drVzJMDJf6HNsWsVeptssWe03jkeuZebkzyiqX-ttn_4ChAwzVxWt6MvcaNB6HKOM5rd7I8YNciX2qRaqVam_WDqUn1V8Lsem5NAnTKwo91CxLOVpqTvhg46k4Q0RNdBRC8aE5RAE2BAFu-TasHKATMQjZZxxcAtSXQReKJm_WxfCbN1QrABQ3D7kScORygsXEYhp_9Zk7i2UElT9UC_TYRuy92eQiTmHAhwdqI-2BnGonKwYqdJwnndG_9ySdTwlbp0_6fTjIurM84Rg6obtAnlcj33G4tRdLEpr_aQnQmSqahaB26iEc8oTR3hFZTM7f48v9gq9hzdYENye4OYf0vgqlWhbV_pBZBOHWTr0lWbEwOnQ7_gnJnj810mb_Bupf1uCZMPZbpm1yGDl139z1184_rU-3j-F2KziJsNuWsNZ-mNGacuB0q297wwUKSr4NruHlzh35GC0sO_FxPNzZ6R-wqV5xvfIUd6qbZ9tavIy_KJpiwocNjrr-6yVJUFQwTaekv&xkcb=SoAS-_M3QITu6DR_qx0NbzkdCdPP&p=4&fvj=0&vjs=3,N/A,"Remote in Pune, Maharashtra"
101,Automation Testing,AU ITS - RPA Developer - Sr. Analyst,https://in.indeed.com/pagead/clk?mo=r&ad=-6NYlbfkN0DIXU_djF9v0NrX_xbLRwj6RWFeuMEgTY6VvwKgvleOVNkZLBY5brOMPl_aYGto6wyM1kV2dKGgKgXCmUa87qj1YrjVw3bfAWj2tD9IlxSunWiNSB8gBts-zXp9-lhtdU6LPQ9M1rMhO6LGZohKEw_QFsKPSTXLFjPnkl9ZISbZdpsFoA3HbgSG3Ofh3JolP753DrCRg6OW668TWubrq1IOyguSqhpV5JjVAliixIkoJ_Na1lLC9Juep1noRRG873JEW0uxklwtZxLTi5FX19yMCrAgkIgQNczO4GEYigEoOQffDD8hPCt-f7z0VPOZ-MYReA6zJH6UVZMq4LJLAhv-UH0nHolou5-rl6jPM8DWri-DjcOLj8ZjsxTg8MZdm27cRe0036fQMGVtbAlMS_1LtUxxqUJpmxFTCKmqM2Kgc-jEQ7lZkCMC4FEnPLLjlAxLE8K-ZWQrnXdFynNMfsiDS7lRwAnEYw2vZQNVcSqevQL7nJT3S-xMoxnatqNO5M6CEhv7u9WdIn9SecD--zPComEiL9O-67Dv30cptFVAh0TiJCrMIw_oZR_K23IyUeDJwQzPc9bPURbTEg-6dJ9WL_bw4VhHvliNPBmyRMvP1sExkm7KnRKoItZTxxVjiqGrdTY-q1RYxw==&xkcb=SoCm-_M3QITu6DR_qx0MbzkdCdPP&p=5&fvj=0&vjs=3,Deloitte,"Hyderabad, Telangana"
102,Automation Testing,SR. Software Engineer,https://in.indeed.com/pagead/clk?mo=r&ad=-6NYlbfkN0B9Z5kUrYpJSl1jY-NmjPX7HlwbyZlOtE5lNuYxyWYp6wH4w4oCjnyWj2mpoyouuSa9sc9gWSTtJwAv_ZGBKQ_aNIe91yDgW936OW0yRZP-ORd-goaoerWvst1xRZiZnbyLfqTxLkqmEaVrI1FQDS5-f_Q3WzuKesWXiWDFnXtGuAR7M96wIkpQbyInyueYutmQ-f6FNRTyEHDLkgn06-jshxiIzz40bO2Y6Mz5qFe3g3MGAb_KS8c93hs9r96rPw2RdHZ3k-laXRYfC7ZBVRHezef1rp4r994JvQ9uCKCJzwQ129tUhElAzxtrLGStkmDiMRjBVSPCuVo-mN_jQhLxVb66Xp2cUTe4RVteBCkeyZtyk77yTvEqSBHcsudUeJq3iJCd8K6Ddq3Q2bDZe2NZ5C6R8gWaGibxa3GZOF8bDujLxGtz9krHgcVm5kS1CBp9KzNoGV8N4M4MSlhvPpDv6hlbyjqi1TBd_llnDBJMKa2SZxoDoqX7yhQBlCyxM0aCTXIK6SRrsvIEsAq9mXUfzXT-HG_pQTg=&xkcb=SoBP-_M3QITu6DR_qx0DbzkdCdPP&p=6&fvj=0&vjs=3,Giant Eagle,"Yelahanka Satellite Town, Karnataka"
103,Automation Testing,Analyst-Infrastructure Support,https://in.indeed.com/pagead/clk?mo=r&ad=-6NYlbfkN0D1HrGvM3IO11DU-hdc4u4iftvEi0SlREeNwZASq2ihTw1OyUwQHweFIa0sakataLvvTVtIpBT8rGf3QCKd6Ql2z752THOLaXZPNREYfD3ZKRXqDHcEh1Ve-HBx36Lj1EQoX0elNC9GDM3U3Lr4BqXiDQSELcEO5uP06bYflIHRdoTGKrOxblgo72Y29RWgfU87xJ3yj53Y3O8y-UOyVHTSC_h4-7O6DV99TBS5P4LUTVTfhOac14pSs2oLRO890j_1PLgrd8L-HLCIRcSc9OCqsxDpdI1zOnHM3C5AB-VYQw2RA3o8yxn5YkQpqq_z9X2_9aArpLBbcotMjuK38d3sj75pwYrw_mM6sTS6EMTC7dX_ArBQtwch-XjeO2KGTcdkS15u8U4tZDFrgF3hF4Yi3KRbMHgG8xeURD14z3ryKZ1wD3Ytbm6IlBk2DDjvsRG7iowjGC64SQCD53zLVqgAuKvQS36zsszES_XpbHoJsHreCGA036LAeGmj5cdMkFCNe6We3V9tc8505nM_0UjO2UApWSGXJRx7kZ_EjcL3rEOqWWobJV6E5QcOmMPN9XqDeG0T2TdAO6kyHx1XubTUelNBb38Ex8YeNAOehaR-oVatNXokMqJPqgjxyCdaPToW1MexP-QUxWaOypqMhKes0jP0ttCi_kzt37sAkVjdcdUiD75lJbzz&xkcb=SoD7-_M3QITu6DR_qx0CbzkdCdPP&p=7&fvj=0&vjs=3,Bechtel,
104,Electrical Engineering,Field Service Engineer,https://in.indeed.com/pagead/clk?mo=r&ad=-6NYlbfkN0D8ZLsLSBqgwfqbOp7bkAeTfSaNacklJ64hyII6rw-30uASJZjvq-oJFNiKzAf4Kpuea2w8w-p1fsGiWatGOEmS9qcPs4pqgIcuCE8PyYPzzLZMT2ieV25qs25Fcaw2Hx2L804RxD3ybXjDZZDFvUqHzA29rFdzJuIF8bjFbbXgLtPxW8Fbhr09Exnwbrmd6ptvPSxnpzbInlxH-fEalozQR-hZQegbABtlWlRbEnwAq3Mh8BsB-AtPqaxvc3qCXy0QJ9CJZpkpZ-FFb7Qtc7L2WCrvIqVce_0JjkvMR0wWsF3X5kZUG3drrM6FQ0ByrJb3GvnssIhUBvLcTJ4fN2KJ33tcdrNOUsVD59pgOoe27Y7eysA5TXUsnPhGu7VCkwoWbZMfLZtYbeHJaoXPCLAnmeRr1BSN9XU7zyR9TIHhh4leyHBTNuBLFCVvjYlGXeK0GCsPYE2hny1iKNvJcBuQNXOLxlnTzPXlNqHc_g6bVFEQ_boRxeJSs2ZbNeVRVpxnqwo10FHXaaGacv2TXpJWCWwRfBL8evY=&xkcb=SoCZ-_M3QITr0wwHGx0LbzkdCdPP&p=0&fvj=1&vjs=3,Amaze Technology,
105,Electrical Engineering,Power Electrical Engineer- MCCB Design Experience,https://in.indeed.com/pagead/clk?mo=r&ad=-6NYlbfkN0CS2xW3jAypOnb4i8VwL-Gce87HCqidA_px4Osrl4eU-5sa7SH4xS5XtckU6HUunliA8269NJAbku-u8dqZ0_VHUpRzuFkBeDt94ixO0CY7j4uDNUHif5LFHI9pgutGu2-wmwtQ7ZEq_BU3C_DsQAv36YZ6nXam1AKLthuZhQSksTRLx-tLX4I8h-oyb7iHs_iVLJrqS4C6CpHz-vjNonfKTkh47lr-3RAYafXE5PCZtC-TE_sJmcIfk8i3OcVVQU_9HQ5cvldOFRtYxvUcDy8TYUFMSXHjH7TW8UPbU7jjUiWSqwaezvdLE_Dv351fw79fYjiqOFA9Zn1Y2ykbcsbMBk6K8FjxWC-3za08o4orDcgwainvviGFuHXcrKrOJ0-waILxm3XzcVr61Gk9piW2q3K9UDpQwwWeodsGCeOV-9riGX6kBD7_J8xEE5GtuzehTa_7Ob1f_ccEPUAg5jHE5ihdOdIjHYR4Rare6jzHnGwcpN9vJlNH6uGNwO0FbBuf2_dcEFrxXyIZT_hAcXAnLbs6xuVEFyTgVBAXDc6JM22UH0k_aJJdsgOeYt33lwM=&xkcb=SoAt-_M3QITr0wwHGx0KbzkdCdPP&p=1&fvj=1&vjs=3,c3controls,"Mumbai, Maharashtra"
106,Electrical Engineering,ELECTRICAL ENGINEER - TRANSMISSION LINE,https://in.indeed.com/rc/clk?jk=d44c8dc73df43428&fccid=4ed03476a1620afb&vjs=3,Larsen & Toubro Limited,"Indore, Madhya Pradesh+1 location"
107,Electrical Engineering,Electrical Engineering Subject Expert,https://in.indeed.com/rc/clk?jk=2f1ab7e559c33885&fccid=b13fb0ab2e4509e4&vjs=3,"Dehli, India",Remote in India
108,Electrical Engineering,Electrical Engineer,https://in.indeed.com/rc/clk?jk=2329baa64665e652&fccid=4ed03476a1620afb&vjs=3,Larsen & Toubro Limited,
109,Electrical Engineering,Construction Manager - Electrical/Instrumn.,https://in.indeed.com/rc/clk?jk=954501735a85034b&fccid=4ed03476a1620afb&vjs=3,Larsen & Toubro Limited,"Indore, Madhya Pradesh"
110,Electrical Engineering,Electrical and Instrumentation Engineer,https://in.indeed.com/company/PE-Instrumentation-&-Industrial-Control-Pvt-Ltd/jobs/Instrumentation-Engineer-1a541bfb3ffc4b83?fccid=eb0e9c042f8bbdd9&vjs=3,PE Instrumentation & Industrial Control Pvt Ltd,"Thiruvananthapuram, Kerala"
111,Electrical Engineering,Engineer Electrical P&M,https://in.indeed.com/rc/clk?jk=466d1ffa1fbaea78&fccid=4ed03476a1620afb&vjs=3,Larsen & Toubro Limited,"Chennai, Tamil Nadu"
112,Operations Manager,Operations Manager,https://in.indeed.com/company/Zonopact-Inc./jobs/Operations-Manager-68f92090343934de?fccid=f916a420f8834644&vjs=3,Zonopact India Pvt. Ltd.,Remote
113,Operations Manager,Assistant Manager - Operations (Assistant Manager - Operations_L8O)01,https://in.indeed.com/rc/clk?jk=e62fbeb82a6161cc&fccid=7496f35ca48620e8&vjs=3,mahindra logistics,
114,Operations Manager,Event Operations Manager,https://in.indeed.com/company/Common-Vision-Technology/jobs/Event-Manager-4f840ae40b767ae2?fccid=fcdb36406a9f4212&vjs=3,Melot Technologies Private Limited,
115,Operations Manager,Sr. Manager Operations,https://in.indeed.com/company/hireeasi/jobs/Senior-Operations-Manager-f7b919b0dee75666?fccid=330666761dfcf2f4&vjs=3,hireeasi,"Remote in Delhi, Delhi"
116,Operations Manager,Operations Manager,https://in.indeed.com/company/Biztrology-Ltd./jobs/Operations-Manager-fdc64f0f12a72e85?fccid=ef3eb870750fd2a6&vjs=3,Biztrology Ltd.,
117,Operations Manager,Operations Manager,https://in.indeed.com/pagead/clk?mo=r&ad=-6NYlbfkN0DVKxS0r0SaH_QyB52BxxA_IkivrBw6hJ2T5MzyZ-5hmeyPZc2521YC-wg9JStjdbRaXabutdb2JmJ-f8tgI9wZskFyxG2swKlanJhIHU9lXB3d7bKBgTugekOywynjwb8MykpoDGrFcf2aFggFVjUgqgNIDAeNa5ptNyUZrnwnJKUkDHB7BJEI59ygdPLFK_dwxaXtKK7_MLCh85aG9kVxwSsXhT32Su5pYSL6acnIWgTztup5CU_WJjeFZ4zXxSzHY4dyMJWkfVmVYKHHyjkDzT_XTsKdaT2j9cLePWV4B5y8tER720o2QolOD_kbTVSDk8eLAbNf4-KyMciebRy1oU5sLd2JB-w6IrY5ekmS2ho7e-jfpiTnsKNI1Xm1PU1RuPJzjzpanMpHR9pPXpeqaJQWfT-4eUZEgP21LWTSdTpyt_93sNzrNHYM_v7rgta7JQc3MHCtk0zmvBaLjl4nokZrbwAHhjoQKCbM0cwHFqy2QjKqz55yJ9Z-tQA4cqtrstL4GSbMC2LIWWeYT_9Q&xkcb=SoD--_M3QIToxMx_tp0ObzkdCdPP&p=5&fvj=1&vjs=3,TM,
118,Operations Manager,Associate Operations Manager,https://in.indeed.com/company/Zolostays-Property-Solutions/jobs/Operations-Manager-7c8e56b6cd71f26f?fccid=e618f1926893fddc&vjs=3,Zolostays Property Solutions,"Manipala, Karnataka"
119,Operations Manager,Operations Manager,https://in.indeed.com/rc/clk?jk=30651e3510c47ca8&fccid=eefcc8aa4816f7e9&vjs=3,Millowsatya Services,Remote
120,Python Developer,Python Developer,https://in.indeed.com/pagead/clk?mo=r&ad=-6NYlbfkN0DIXU_djF9v0NrX_xbLRwj6RWFeuMEgTY6VvwKgvleOVNkZLBY5brOMPl_aYGto6wy908IrNsYyheZJb4geOWduHnZGuJ6IcUurk3ou0nT_c3kGITVsaNEk-hCp3B4pOJ_d1_YOgOk4OC9mOWRkl-fPSetwHeTZkXSqP24tMidFBxmi-DusK2eQJpNfEhk58gLXzvzQ1sJMwahtxasBdf5mV0WlzFvyh1skUJz-FIkOYY53yi1AplyzWh_oOVh5bIHr4hCkljdzdf8yJ8Tubdgbd6gJZNdRvK-yPDjzePsgxQ8g7e4ffGTZYAMvNW6CEd38tK59XObVtxSqdejdpNkEl4EjlSmqQmLWtnmyVxLJ0cy1vy5QbquU-pY0XoJuB6bp807UEGhDok42Jk32x3MdlYp-yv_JRUHDHWrUoMCkJYrA2zNDnuuMZSZHWU8ObYiHcu843i14I7T4fYVTBDH-iH4dyLthGUICZXwVj5EbXnvB3_FUGFWH8tJVo6JR3yhJraLg9NMC8GFicBnlT2sFDandDvyy_EihT5bi3a5FMSGK45ecvrLx16JusEvhtG-PWhPSyg4vvAYcNuy7OWq3jGYutj_ED8BP_vEXtfhayxOQ3U_1CayY&xkcb=SoA3-_M3QITl-oR_qZ0LbzkdCdPP&p=0&fvj=0&vjs=3,Deloitte,"Chennai, Tamil Nadu"
121,Python Developer,Python Developer,https://in.indeed.com/pagead/clk?mo=r&ad=-6NYlbfkN0C0E1kVSxZWqg_3rwn6zUnYbszXdTQpf9L-zhTFANv_MEy3-TDTKIO3vOAnPNI9rvuWH4Z4naNMSz9654n789I5QBEB8R_LjdZFpiaBG6uMLZoJWmY8tcfK5fa13I5gGsga-hKb7OTQo5wDD4hGAD4wE34HcbIHbsmtZu-6nZNSacs8l4CWlw6Fe75IpSUQWZVbht_ixK8ytNrkKHJedqSZ4oSPyRApUGGEk1w5ZChoUvBPtCh4S6_bt1zMeGcFkeMsE6gSSpzv73dV8WoQHuB9zDRXfF31PiqRPsl73DRqvWCvO313h28VVGucBzQNDHdc5j_kCkFSzJDLUHbcC6rl-6MBrF06vlLhTGlyWDOP18q2UqOQ22EdJFcnbLcaAoDfMx21mckfAEl9H9MkuHsIRFJ0imkWw61y7jNkDuKx1-HesI_5T_SpI_9CixtkShs_Ztd4VJgY2PyJdaiaJ2oEI4sciTrPoB_t_8dgGNiZzKkm-rLkIRkkwR5vP7JXsRobpenzBWbU8SgYNCetX76rWSvfmbLuO7bKclFpTbUokpI1ZKCJK52SvaiS__wGxiM=&xkcb=SoAe-_M3QITl-oR_qZ0JbzkdCdPP&p=1&fvj=0&vjs=3,Infosys,"Bengaluru, Karnataka+1 location"
122,Python Developer,Full Stack Developer,https://in.indeed.com/pagead/clk?mo=r&ad=-6NYlbfkN0BWaol99WAbYQbG4OSxNvbdG_pJbJ1bBCO1ESHj0FHyJoq5tRKfHSXxSDspskyAwlWt4vRmes2Ondh6ow12OepkJYhilwWcGwn-p3LqKZwYTWbYXy-ljDSU4rLiLpQNqH5ND6dOBVI0ejBHTrRMfWv3v5YmKz9uM-P2TS_0hLCEQdzX1-4Qa8oxUpQUSHKaba08b9hdrcIOq5BSp3H6ljP3k5mddhWmHfZ65Mwf2_5Uu_oLoQixDXF8bcV5ONnMUmmP4NlNo3wUGLo-2AaRo9JuXMZYlV6hnf3GbQLpLgWk6LwwfwheCBaXpoU63bFbbigTD1zoZSCtDYxHi-5I_aAAbcPtjFoLre9l-80iF_5GXqcPq-4YUE-SmdUMOORtOL6cOJticS1_K-Ar5UO1-zgf41KlbVuuB-vM_E77EDOEEzggiheSU3yXE7AAFDt05-RiRjHbPQMzRP3qEOhBtzb0ZHjQmI4IMzWFBXz4LObKcbSV_JP858HU6ntDKM3rgZVqmjcv-79AuW2ygnuFekgg&xkcb=SoCq-_M3QITl-oR_qZ0IbzkdCdPP&p=2&fvj=1&vjs=3,WTF DIGITAL TECHNOLOGIES PRIVATE LIMITED,"Noida, Uttar Pradesh"
123,Python Developer,Python Developer,https://in.indeed.com/company/Inexoft-technologies/jobs/Python-Developer-43b872254216c9d0?fccid=1a6a0665e67e3e17&vjs=3,Inexoft Technologies,
124,Python Developer,Python Developer (0 - 3 years),https://in.indeed.com/company/Code200/jobs/Python-Developer-a64dcc785660b04c?fccid=4a6b8eab0d910c59&vjs=3,code200.in,Remote
125,Python Developer,Python Developer - Fresher,https://in.indeed.com/company/Timesys-Technologies/jobs/Python-Developer-6ddf0084ca739381?fccid=23be3f86bd7d43cf&vjs=3,Timesys Technologies,"Coimbatore, Tamil Nadu"
126,Python Developer,Engineering Manager - DevOps,https://in.indeed.com/pagead/clk?mo=r&ad=-6NYlbfkN0D5mXFGwCT9lo97i3gsfTR9iTAPBTm16RjVfbVH6M8QHHWZXGq8N5ykkgKTPmGEg8B2FiMNAbweWnTcq9pHPEM4gdG0vNyMjqP8S5hIR5rJeoCevOz3CtRnvWcPr_I7F1ewINkKdg8j3OwxS9iTvj03cCv4TAwQ7kvNkj4qQVLlP9Rxliv8boo8oQ1We6Ri3S3RGN6xr3IvC9tbQ8c5XNXtiJXXI0ImtVLsMZdBN-2qMcL4otUk75takpVF72F5wohm7jeiajn2Y-c8yd0S0m25LtgEZSAfi-vBna-gEfEqDt2T_pGfK1MXFk0Kf51MpX464gyMWPArIUqqvbpcaV6ZdS3t-yfLyKMQgFFbRmiAbkppFZ7650F853wSPhk_939Wd4KOWXwd4UTqFHl0qPkWYEjZh_Jn1_f6KykHgS5047oed9N-8vTO2anAk3v01fUJk1xpev86XYKZUxvD1F9GyYJ9JiZDVf6jNsMpU-4NDox2NqtyxoiZZXfhvr9_Vfh3UBSM6iTLzsoeXNRjC0JQ5--VTgRio3F5KIymHMLitB1-9w8CjGYxj0V0nyN3ixoDyck49By-VU4BJOxFt97peTPptPbdSTDo4qazTQi2r3-vRQ_A1QGD4Wn99OUtWf0Qh53mpGXT6rEHA8K43rXFDmaz_j4QU0ve0SI_bPmrSCocNgBCOSzw&xkcb=SoC5-_M3QITl-oR_qZ0MbzkdCdPP&p=6&fvj=0&vjs=3,the Inspire Global Innovation Center,"Hyderabad, Telangana"
127,Python Developer,Python/Django Developer,https://in.indeed.com/company/Hidragen-Technologies-Pvt.Ltd/jobs/Python-Developer-85ea9d085fc60fa6?fccid=b6d13e74a7ad1f94&vjs=3,Hidragen Technologies Pvt.Ltd,"Kizhake Chalakudi, Kerala"
128,DevOps Engineer,DevOps Engineer,https://in.indeed.com/company/Primejob-services/jobs/Development-Operations-Engineer-d52f128e4cc37cab?fccid=5082fc64106b7d03&vjs=3,Primejob services,"Remote in Hyderabad, Telangana"
129,DevOps Engineer,DevOps Engineer,https://in.indeed.com/company/Nomoex-Technology-Private-Limited/jobs/Development-Operations-Engineer-43ad2d8271b30ce1?fccid=4ced333594941a7f&vjs=3,Nomoex Technology Private Limited,"Bengaluru, Karnataka"
130,DevOps Engineer,DevOps Engineer internship,https://in.indeed.com/company/Comprinno-Technologies-Pvt.-Ltd./jobs/Development-Operations-Engineer-7ec0c869dbcccfe0?fccid=2fd98f31bb0cb9ca&vjs=3,Comprinno Technologies,Remote
131,DevOps Engineer,DevOps Engineer,https://in.indeed.com/company/Qodequay-Technologies-Pvt-ltd/jobs/Development-Operations-Engineer-dd1c85cbf9c1c653?fccid=75fe1f2a6c33b7a6&vjs=3,Qodequay Technologies Pvt ltd,"Hinjewadi, Pune, Maharashtra"
132,DevOps Engineer,DevOps Engineer,https://in.indeed.com/rc/clk?jk=08feb1a271c54bef&fccid=e0ecb858bd9b3747&vjs=3,Systems Plus Transformations,Remote
133,DevOps Engineer,DevOps Engineer,https://in.indeed.com/company/LYCUS/jobs/Development-Operations-Engineer-f3386b3ed5c59477?fccid=c8202a11f780362f&vjs=3,Lycus,"Bengaluru, Karnataka"
134,DevOps Engineer,DevOps Engineer,https://in.indeed.com/company/Antino-Labs/jobs/Development-Operations-Engineer-a80892e8414bc3ad?fccid=7a274369650c81a8&vjs=3,ANTINO LABS PRIVATE LIMITED,"Remote in Bengaluru, Karnataka+1 location"
135,DevOps Engineer,Devops Engineer,https://in.indeed.com/rc/clk?jk=9416c7155f7ab0a5&fccid=9ab138c02aaca829&vjs=3,Mercedes-Benz Research and Development India...,
136,Network Security Engineer,Network Security Engineer,https://in.indeed.com/company/DEW-INFO--SYSTEMS-PVT-LTD/jobs/Network-Security-Engineer-a86e6f4f14ebcd84?fccid=93fda3865cad6fa0&vjs=3,DEW INFO-SYSTEMS PVT LTD,
137,Network Security Engineer,Fortinet/Fortigate Network Engineer,https://in.indeed.com/rc/clk?jk=a0859d88f8dcac97&fccid=b2bb2a21ff9868ef&vjs=3,Nestsoft technologies,Remote
138,Network Security Engineer,Network Engineer -Security,https://in.indeed.com/company/Curbwaste/jobs/Network-Security-Engineer-67a079e57b334149?fccid=64198a6a327b384e&vjs=3,Curbwaste,Remote
139,Network Security Engineer,Network Security Engineer,https://in.indeed.com/rc/clk?jk=21730fdebcc5a2c1&fccid=72713e5b1ba0ef22&vjs=3,BT Group,"Bengaluru, Karnataka"
140,Network Security Engineer,Network Engineer,https://in.indeed.com/company/Effone-Software-Inc/jobs/Network-Engineer-8276a1dcf15546e4?fccid=f018c54bf1832574&vjs=3,Effone software inc,Remote
141,Network Security Engineer,Network Security Engineer III - R-16649,https://in.indeed.com/rc/clk?jk=c15cff604bdc675f&fccid=b60c9324aeb7df96&vjs=3,Rackspace,
142,Network Security Engineer,Network Engineer,https://in.indeed.com/rc/clk?jk=3d744ba91a08786e&fccid=94b49fc95bfa8d01&vjs=3,Skylark Information Technologies Pvt Ltd,
143,Network Security Engineer,Network & Security Engineer,https://in.indeed.com/company/Alackrity-Consols-Pvt-Ltd/jobs/Network-Security-Engineer-1166605642d1b961?fccid=3ac751ded8fd0212&vjs=3,Alackrity Consols Pvt Ltd,
144,PMO,Finance| PMO,https://in.indeed.com/pagead/clk?mo=r&ad=-6NYlbfkN0DIXU_djF9v0NrX_xbLRwj6RWFeuMEgTY6VvwKgvleOVNkZLBY5brOMPl_aYGto6wwghXM2tFVLX5_F99NNSqcgmLfYGx3H6gnKL4Y25srKfA_97L4k72D7100leIwxzw68snYK1HFQtqEkfXdkKPl_XrbxGFMbuTht-socghFbDdFsaF9HdytSfb-E3cybLb-OowCica8oiXDIj4eEX6ZtyDoV8L-YJR1a3g3V-zCL7cgs4zRVs9D8p5XIjch3ZtwjZGcNk4zvXgUg026uGibUwqobShy59goaci4WtAv8TPiXyM2mZ2DHxp0mjq9noiWJNsr02Mhe0IYt05jMNtOn53Y9dO0Ch7MkX-inmTT_TFY4DAP10ZQkemBO1x_FfP45PxSQpqbluEJjaVJcqT8--dU463gg8joKPHGNTMk3fnYXsv9adZSHbuD1shWOiPglhYtI_D7_NrzMa_zas5H06eKw9rh3lx27OQ9U9wr7g2V9lLH-Ls73IBliG9MfQb1A_sKILw1GR1xd-w46_vyIOgXPpRypp8V3OCsVbDW7J1bKFvqTbPF-dHh52OCNcpkrMH_0LS0lhlJfk-kynEy5lpgmwBwjl78=&xkcb=SoBu-_M3QIT7jwAMJz0LbzkdCdPP&p=0&fvj=0&vjs=3,Deloitte,"Hyderabad, Telangana"
145,PMO,USI- BGS -PMO CAM– Analyst- Hyderabad,https://in.indeed.com/pagead/clk?mo=r&ad=-6NYlbfkN0DIXU_djF9v0NrX_xbLRwj6RWFeuMEgTY6VvwKgvleOVNkZLBY5brOMPl_aYGto6wwAvelXQ8vfGFuznm3j7DKT2vmTzB2r9s1XLQt6X6vlHA78Oz4fb0kUIdaNnPvQSyrrfL0hRRT99hw_fQKZnYLA9cfnpRXNw5LQJgjHlGNKwmR869ZQo0kiT64LO3FaXf6RZV7d7w1zmX_lEWjzDtVtx2oXKtD6c6I6wg1Fu8tdrpzx38DBf8Xz0O52sD763idBFODhc4xCX-ks2et6HsDX2nYYFBHBIsDZkKCSb7JXhmYZHKilt6mH2jj0owehszFeQBUO20giDIxkoudLrOF9J6X_9cWTlog4iCnEvcnbyZ2zr554hnbfmZEIPRzvPDHXetYJYlvtMqwgIhQmrcrvg4bCk_fIFRwmcl3C9xD0UYayzX4KrWwVMCu3LUyHSJ_UglNsfuZgjF7d5ZPwlCKp1CPsFPVMuF_XwYRyYhkY_eqs1UTHGJ9LdqW8-BU6x54G6QxQpR7fpPJpXRbyuQlqKYgLfCA3NXTkhs8ZdBjh7OESZvVuMdZtW8hBC9-kr-NcbHtY6gv6_LvHNLVT3259&xkcb=SoDa-_M3QIT7jwAMJz0KbzkdCdPP&p=1&fvj=0&vjs=3,Deloitte,"Hyderabad, Telangana"
146,PMO,PMO Specialist,https://in.indeed.com/rc/clk?jk=9224c0f5b6c0c7e4&fccid=f1d8e147024abb3f&vjs=3,Deutsche Bank,
147,PMO,PMO/Implementation Analyst,https://in.indeed.com/rc/clk?jk=90209f2d3de76961&fccid=14e7391c55beeb80&vjs=3,Maersk,"Pune, Maharashtra"
148,PMO,ZGDOK - PMO,https://in.indeed.com/rc/clk?jk=3e1cf57c2e153522&fccid=9ab138c02aaca829&vjs=3,Mercedes-Benz Research and Development India Private Limited,"Bengaluru, Karnataka"
149,PMO,Senior Analyst – US India Audit & Assurance PMO,https://in.indeed.com/rc/clk?jk=7feab9865bb6736c&fccid=9e215d88a6b33622&vjs=3,Deloitte,"Gurgaon, Haryana"
150,PMO,PMO – Project Management Intern,https://in.indeed.com/rc/clk?jk=f9e00e4446b82d24&fccid=b716e44d2c6283e7&vjs=3,S&P Global,"Gurgaon, Haryana+2 locations"
151,PMO,PMO Analyst,https://in.indeed.com/company/InfoBeans/jobs/Pmo-Manager-9401a47047ca25d2?fccid=6e77da1f80b6c8c9&vjs=3,InfoBeans,"Pune, Maharashtra"
152,Database,Info Security Engineer III- 23010154,https://in.indeed.com/pagead/clk?mo=r&ad=-6NYlbfkN0CMdjcVccik5pCTnYffLyHqbJNeKbDeBFp9W1f3X-F9Bx1uHykAN_E6Ed9Pjk02SX99Wfg-K8FImZHE3708uKqEeY_8tXIKfSjABVT0kmiwScsCF7Gk3MZaj5MnzWefnjUVcHWfMRMrvWAkCySThbD_m_DaMKqPulWI9unWBMK3FqF4qCncnLsUYFB0RTKQs1_Waq7ESrUYCP_AJf2eOlY7C5kJFH9h_As-QUz4ps3zRjQZt20eE4vFogDtK9Jicd0kMeF4-Rus8x4qBVAx01uAqpHTAI5nOCCZ1ugQyxcJ2HvxU4U4KFGnw2T4aPMTyu3gkDeFTOO-u8jw2VLA79fsWkRqu_XbslxTJpu_pknd3uQDU_6UxImPR4iidTWwxpHm42Gl-ZXc4Dj8Vsi4bAGY9Ozon2ZyotaHqeAQGbzZu5zMQTIDxXU_B_8SJeEAvXRhDc4L_tMoVpl29DMNShJ1qbmQJ9_YXKHdJpDNtgOrltpj4ZrlCHMfmpzPPET2gLz7kfB8LmXMXBje4NSooDEDbC_S74lUk7RY1Ep_H2m6vAmQr8QNurKp&xkcb=SoCS-_M3QIT4l1R_qx0LbzkdCdPP&p=0&fvj=0&vjs=3,MoneyGram,"Mumbai, Maharashtra"
153,Database,Laravel Developer,https://in.indeed.com/pagead/clk?mo=r&ad=-6NYlbfkN0Ay6fSMp2oj76wLzAzQ9HPignQRKPbgGY9g5iJ1eqbgXdMn3Gcf1TOEpEpAFdgDYb-vPXqYQ3UneT0WYBbyQP8vgsUGJ-yurXd_rVP9As4oNQgPdMsSzhzDjBDvnR6iuv7jqQbNuqxib9WqMAJog-S8XG8gnwkYv3feyxZ7-zexMahv0p3JxTZ9s31eCkuxFCCOLt45kNKf9RZ3nlfXQLK2Pbp9etHFk0-VHzK_g9OMiw4Wh8yMlm5iZ50LVnP262KyZfYaSij899WbI00GsTKA_zSOr04wPZbu7B5BoZX9OspQlvkO1ryDs12gAta3-e3lkSYiLyyCZwGCpqEo4OLFkKhA4Rwb7O6zjTbYPT15SwyS-OPEMo-23GgbJZr1kgC2HMdhq1EGc3rE_npQsd2-bLm4XTNHbKtb3_jFHVoKU_IMgKud4_WTyxGyohjFeFiqyk_rIonI9lIPLagtO5i2NcORolz9jWHg2FG0OurrTqLRDNLpZWZCOTRXmVsFmdDV35i738fLj3GpVZIMUzacKZQRJx2tnkE=&xkcb=SoAm-_M3QIT4l1R_qx0KbzkdCdPP&p=1&fvj=1&vjs=3,ZeroneSys LLP,"Surat, Gujarat"
154,Database,Sr. Systems Engineer - .Net (2-3 years) - Hyderabad,https://in.indeed.com/pagead/clk?mo=r&ad=-6NYlbfkN0C0E1kVSxZWqg_3rwn6zUnYbszXdTQpf9L-zhTFANv_MOMwIcWzk_oR9zM5EZUppRoaq73u0z-cd9k5QOIyYWyu6RqzBKrEtd-7Q0kwzWirLPFzE5SvRqIZjank6QXk9PtZvCsiRbmMO6K6bQV9ofNP-nFS_9sCVR9l-qwty4wUWV79-FAbC6JeSIB3mdhbj0g_R1HJhQiXwyGHelF2hb6lxsVY3feo1AamwI0pRKuAFfRT2hjss3JGol7XjSYD_wh9r7DO0kciR_FpAa_U65eb-WL9m9ygEP0drMYj4juHtMfECDNPaxdjS1aVXG6jDSRGWuVvKA2jQrY9mL5oj6el-GGRZlHIh0nhJYxHjfTWsz_ot03RDooTgpvSIA87ilLoLIc0hcwlFd5SlTXYfm0HFsUlMel5K5VVbzXUM7KiTr_7EWG57F-kZ-AOo4DPf3tEL-ywa6jlu1YbEeyth0Fes2OtZk4VBFXoE7Sj_eaRSwJlrR4fR7qTVfC7hLzmXwk9t_k09TPouGmKnkzO3ecoxJlUXnJefnaL__oRdHiSqvM86GYoTMDM&xkcb=SoC7-_M3QIT4l1R_qx0JbzkdCdPP&p=2&fvj=0&vjs=3,Infosys,"Hyderabad, Telangana+13 locations"
155,Database,Oracle Apps DBA,https://in.indeed.com/pagead/clk?mo=r&ad=-6NYlbfkN0C0E1kVSxZWqg_3rwn6zUnYbszXdTQpf9L-zhTFANv_MOMwIcWzk_oRgq5zXVsn2FkJ6qt3gLREfa_EAJmGJ10PUvtkYiO3eGJzLuqeJ9FXjgpj4DriJvpARMtMhTmc-6aPkhS_I09qMNw2CxmUndaFUDyp3LbiUlmb3Kh2LhUGwYOiadnumNKvUwCAXwSI1yFDFbOzi8UcjCRM9syTUU-0ZOpvphbXlyXiFjzPZVKO3yMfKkCqfuiE822gBkMl_JXm1HdqsCwjKjHEFjSY0SdWc9p0J2op-ceBy-SlAWzmM1GCE6k-FOo5RdOY04Ra5eVOJtdWdKqqaRTsysJdEUtvkpKLXEKkZU4p8tHvuKOOlVacYnIyHklqlJIaZewVZqo-t42i1_qUdt0MdL-V1VaUjAVzyXe89rJaVHb5Rb6AfwyIc1wAJ2mLVplBSZnMbpcRW0IYU3ol-oVl_IrYf3rTru8oawAUktWAEWriXQQUjBZqA9quVNc0MGeFW9oR48MEv_NFLIIAtQNB9qyEzF0OxMtyZ6DlzfDqfC03ljlOeh_8AQk7-2DB&xkcb=SoAP-_M3QIT4l1R_qx0IbzkdCdPP&p=3&fvj=0&vjs=3,Infosys,"Bengaluru, Karnataka"
156,Database,Jr. Software Engineer,https://in.indeed.com/pagead/clk?mo=r&ad=-6NYlbfkN0DfsCiTW1a5A25yJSvifo2CnpPFPof-fSFDTma1PoK-pkaumLJuJcxWBXnATeqmPfofS6WgO7J_7Y6ZGRY_-EG6pzCZm43UesrS2TPynYLmAx-zDX5r4eZHQ7Sh9kQQoQAyuklCffT70NU858vHqzxqTj8l2X7UTwfQ5mf2dNcUIHg3raL-De56Njz12gTqfagQWYWB-0AC5FT1heAx64Do-BfpQrIi43qxeALQ0DgarulX8ujgQ6vYKeVwJcx7ZlEqAJIHPPliRXcTvrE4zEFCHZrsibeoHddN2oscorE8jb-lPSl3bEorAYsKm1G7vkjNWa_jPQMYDw1spnFVAIqfe5MCLHdPIDR4GJb7HdtGIyIlBc8V8ZgiwiEUno5yEQfV2oUes6-gon2NBp1DOgHH40OaDnxGl_nh_4CDRvF1yoqDH6FQ_SZ-NYF0svWrikPI1DKBGefw_jKGz95NbooQ9HapVg1HUJKOC8Bl4nMv7PQ6ivvQqacjayxfqQhdQ9YtxZpy5OSoXleh_IAD8yOJBjzw-SiYyYs=&xkcb=SoCB-_M3QIT4l1R_qx0PbzkdCdPP&p=4&fvj=1&vjs=3,Adela Software and Services,"Tiruchchirappalli, Tamil Nadu"
157,Database,Technology Analyst - Security,https://in.indeed.com/pagead/clk?mo=r&ad=-6NYlbfkN0C0E1kVSxZWqg_3rwn6zUnYbszXdTQpf9L-zhTFANv_MIQa4zqo0SOUsw3GBZa1Y4WQPkKR0HACXZV5Z8i0xREfcZyRm5W7CXz9WuvmIL6h4vrsHzJI6JLYaMz2ND-ZyefEEt42yF5uCulCaLtb2ds2ynuo3UJE3Is6jNkljbucTgzkjZj4OeFLW4XCT9WI3-0dTkVDHEvaF7Q57JJxhtzaQw3-1dfMvkqiTJhlnaybfY6txv9R2zwZQaJJdtiinr4Zo_GXIIUF5eE1z3MQWrZ45cciL8Bksbjnik3bQ-iJ5J5F-LU_uWVhtLmK1af3DbVG7QTIBI_pfYEfu5bC9QkDD5IHM9Zx4zEVmHaWQJTXRfZOpKOELoigaBMTHbmR5-l64B2LK8GtRV6ip8QuFOTf3oyzjZQRmUUTJ8zyGSvtMfNNsLGUBeexmpNjkP2W_Y2yOQulwh1lkAsdOQufz8Ll9jajbc8skp-5AuO7enBNqRj57uLwvCfCZssJAq0nvu6xFL8pvBLXI5oQGPixT4SK8frmJ7Mxo7MDG5A8u7L7Ayw8V8lIlYg4&xkcb=SoA1-_M3QIT4l1R_qx0ObzkdCdPP&p=5&fvj=0&vjs=3,Infosys,
158,Database,Post for import and export executive in Mangalore,https://in.indeed.com/pagead/clk?mo=r&ad=-6NYlbfkN0CCP-67mBALMzxGGgU7_t849ACjkZ2z5rCm4xLWRn910Mf5OG5x0prqkhHhU7hBJ59kiw5dYA6GdiuhGcjHT1zIuLQrK0H4OzKvaw3I5oPWhVCFAI-HiiGBEyPkAPdexZfFkqSE_WO2POw3sfE7knsftjZ8ySXVSRa7uSkUjYzVpI_vJlwjEaYe1prMv3X-KoaLJpdVagezKlJ73QMFTXczrWfY5Wiuv5MT-1silQ29IM7ZE79GJp23kKOjZoJ0x22nEwLr9mYfn0RbPdbUrPp9x7rKa1VPHqLH2bd24UkgL6gUTzxfEqPVNvxuygfkiha0x_GQHAoZ20HhE2o3uMlbCmeJl4EMBSNDsHL3p9oshLF7OwgLagRTD7hWg6CCacH1Av9hHCwkrC9hoKs7sRJFxXxlkK41Fno1RaSY01TC44-HkMcJFMntbPnNYcUbedmRe_ZUOClkOnZHzbhlLtrQ8KR5vnhmmJ3-t-FhUO4WJJzBBRRff4CNVki_-E_9qltY11YidsaeXzG9rf1zOYTbTc45-Bxx_Lk=&xkcb=SoCo-_M3QIT4l1R_qx0NbzkdCdPP&p=6&fvj=1&vjs=3,Gopravaasi tours and travels,"Mangalore, Karnataka"
159,Database,Database Manager - SQL,https://in.indeed.com/pagead/clk?mo=r&ad=-6NYlbfkN0D5mXFGwCT9lo97i3gsfTR9iTAPBTm16RjVfbVH6M8QHHWZXGq8N5ykkgKTPmGEg8C01fWsWlZ74aXBJf7Wn8563u2DsAFEubxkr-UFdXCNh0HoDpUZJaXNFvvBu0buWQNfqDsuUdx6wXbywrO9P6YmHo8UdWbG-W2L7t9jL_SKMkUY24YGzpWpWRxEnpgNe8YrCYFSRDKosdQtlcGtKow804sta_lusOuIqjFXPFxkypczfj8reaWs39X6whSjtVNfBd96cfEYEubnP2mqtg5Im_7DaLAD2EGWUFO79bk7iswKaYKBTJEBomXK_V-w44KcevqNYCVgZbxYMerKQG5Qkt9knUp4ajHDOe28CDe4IYP21RJ2d_YEDaug7g4cDB4-pSNN415SQ0QmMRLPRLNXI0vlyc3t-vjENMfrOt8ujGZx2WXmlO37zxQn-5X1Bh-bXkOwGFzvdKaBUQiY7AjwxhinlgUu-UI1TLY6gBFJi-UB9RVZBabs9ZvTD49XGVSDJLDGK2NnkQOLLkKtJ2HR2XSaeaX_WmTpPD-BcUhsOxft-jJ38EvH-CbUCskQTMRTTIFBwdnjH3nZ_CzDlQKY7tnO1p4QP30=&xkcb=SoAc-_M3QIT4l1R_qx0MbzkdCdPP&p=7&fvj=0&vjs=3,MES India,"Bengaluru, Karnataka"
160,Hadoop,Hadoop Admin,https://in.indeed.com/pagead/clk?mo=r&ad=-6NYlbfkN0C0E1kVSxZWqg_3rwn6zUnYbszXdTQpf9L-zhTFANv_MEy3-TDTKIO3vOAnPNI9rvvfn5gaYPX2_924qB7eFmpsm8NasVaF9QxaB-c5uOkTljgAnXYL6Xti9BIP7VLpp2kiM0D9-TNFW0znP03ICvm6sWpND7zxzNct3MdspEcFb-7JjH2zEEzzqnScTdhjRqQV17oPPQMEH7xMscYSnAKcFqpB313xVxX917qtep8p-IZQSXW2tHG_-ef16lLTzd0_uWORwXJxzd-L8GqVtbOpq7yQHUHIquXLCtyeUZODYFo-jlA8SpS5RG_0ujZqSCQpvtjXf2p2ScUljn2m2o29YmacsdphCqWTzK_MoH3inRTqOaugwl55K9ttyn3a2tahUY9joKSmaqNwkui0OwqBXgscmDIVmayvolvH-hwwVZTYMNBV_ZD84iaM874-j7Ra779OpJWwswHUZarzCsL7hXN5GmR5Cay4hW2wDZr589fdZDnUHSyWb1YrsvD71WcO3yz9t8KqL0WI92yfjlOk4j8dwpz8ujdl4bCVPvqQBw==&xkcb=SoCJ-_M3QIT1tLwHMB0LbzkdCdPP&p=0&fvj=0&vjs=3,Infosys,"Bengaluru, Karnataka"
161,Hadoop,Big Data Developer,https://in.indeed.com/pagead/clk?mo=r&ad=-6NYlbfkN0C0E1kVSxZWqg_3rwn6zUnYbszXdTQpf9L-zhTFANv_MEy3-TDTKIO3vOAnPNI9rvtmhS3miz2Of7rbvmrnJZ1LRSkCYRk3pE-HgYzo9U25qo-Xp9V_gz9HfrGDJduRqPYM1S39Qxg--P8hKjc0Hb3fXx56oPC_oAKDrcqaPCOedu8I-NJgldq4_6nJSdcUOTZk8q9gryZzs9Ycc7EInOkibftA3CZgT1KN317fF7n2Vc63Jd8yCYcADqMvM6eC61X5FRHkBXQ2bO084srFeVORFAta2j5MIGJSgmn7Wnlpm2bdkKbgJzzepU4ZNmALEf6sizX8zmRC8FII2-ICP3UVl6ANlzySlwkJ-vbt3XiZO-PEniL22IzQopjIPbPgBn2QcuaaA3TPwN8Fyprb9ngC6i9poMIuHooWLd2Cwlsf2oyt1MRCJbR5T_1jIJAUhWmT2Oavc_AEKayQsCljOoy2GePANWPbZYXtJl7GvY76YAFTlU3ro0fkyG3m5Oz90WPNp_emniUSm_laYniHhSK2vISdcA4wNJ1J2dUOfg5ryQ==&xkcb=SoA9-_M3QIT1tLwHMB0KbzkdCdPP&p=1&fvj=0&vjs=3,Infosys,"Bengaluru, Karnataka"
162,Hadoop,Capgemini || GCP Data Enginner / GCP Devops || 6 to 16 Years,https://in.indeed.com/pagead/clk?mo=r&ad=-6NYlbfkN0DaDeacnyAcjR_xPF4_AGi9kgHcHfBbAiGbTrdK88lQNTyJZipjE23uyzOLYrsKjxJfywVM4LqHxpY2rheMJVXomXrEzVIuFkHjaOVZsrHcAJPuPeWSpudLk8zOI7jKjXjQubxqaLHh_WoUbfuYZvh7b2HQcGpTeILvSYGAa-Hhm7oXAMjv9GIED5raV5m1fhYFZqhhenZ0NOCGQ3JzAhdoVr1Evcdg0iVwJ-I_8wslDdN_LdOriQLZwcysiYutCyqSoJsGeuORtjyzPyGtdWRzDwbBDaAQ8kqL-tjp5uD-XXtV6hoVJuilxCd7LR7i85A6HyLOcxfakj1yw22hwWiuF0GZqRCAmYFVe1eQRos7SQM5-7k-C_w6Qr4D9hhx9RybeInBdUFA7wRZsxKIXFWCvdahvEroh8vMYLjF4ASfB8WtPWk0Q4dO4lQMU4GPTtXKGWhygx4zE4Jn9Ys8ddmfPnbu9drVbt8QcMFute9tk3bs-yfeqn8tE--8Ex-xTSmcjxhV9guNlR5NZ9m1qyrZN88amSFsMBcN1Zq3lITu8Rtz8myVn6su5guZ6rjedrLfAdBl_vi97JofnsllrzaSHVrMS2voPUoaFiC1ZNhBnYEqU-LRyG-z7j6kzacV1wi0tX0xWSM3IdDQpwkz7yr2Z0SfRkxsMFKiPUD3CwrUurK_VNv6zH68umOXQRob5OkHKxnZ3SeYOxazf6O7tr4WE95UQVW1bR4cNxPxzUgt-Z_gWInQpIV4MRBajl8m6cEr3ur7VyR6G1Hs4KapImYeZxo3qFCRLZBGVG4tBPyrBPZj5r2iKWKsGBii0mTYDpivG3rm2b58fBsRSxcM9tfHc8-mQw7Qb2Nr79P7PYk2iACJMAsxw3x9eZSMCvMSYBDPVu9XfQZ12a08yKtsCK3tqqjvNKyNA3H0zZP2YDcrReL5Ggmrxkio1D85dAMy63RJhfmGk2TYyM3OEHF49qbYWc-WNgz97N-qkDyAnHMJMlK9L3I-sD7M_Nzq2qm_mjA=&xkcb=SoCg-_M3QIT1tLwHMB0JbzkdCdPP&p=2&fvj=0&vjs=3,Capgemini Technology Services India Limited,"Bengaluru, Karnataka"
163,Hadoop,Hadoop Administrator,https://in.indeed.com/rc/clk?jk=b0c345f377f86ae4&fccid=5cecb14a27a07d4e&vjs=3,ScaleIn,"Bengaluru, Karnataka"
164,Hadoop,Bigdata Developer Hadoop/Spark with Java OR Scala With Capgeminii,https://in.indeed.com/pagead/clk?mo=r&ad=-6NYlbfkN0DaDeacnyAcjR_xPF4_AGi9kgHcHfBbAiGbTrdK88lQNTyJZipjE23uyzOLYrsKjxLehRAm2qL0GWUw6y1_aQDop4S-T6k_82vWstr4OJJfUqWaBqtdKdrXf6ZDDF4L3idAVOcHl3FzBBnreT9i1IOuwPO1aLoTMrpwO2QlaqUvVeLWdq86UwURd6QyjWFPXfqkUkit8LFuHW2zhDzup4hCSEdfkDmf1B83E3glf8H0IEqNTQCOpZ0u31mPVMXEEn6kO5QtaVugShHXosFZ2loEp_6Su18lRRN874xlQi7OuBt2x9ZVb5udICZhd3FZKdLNB5noWwJobX7Q67Wpvrp5RjNDRzf3niDdEQe9WoJs1k_hHXlcgqJxTmMyd5tWk_KOgsNKUceI3SdMS_dSxhAaOoIciFG3fWwAApY6jQ7APDqmVOJYpAKOkOtTUKzZil3a4HGvYuYtr8Iukr05Ik2vDrNfUvOofkltbVxv8QkFOeAg5KHHTr2MZFGfRXuqAODxwsUwK0VdQBjRivgql3z2ycAjKepw-423TGjMZ24x-Nx6_iNllcVQO1fBBiHLNiyM9rMrqrjkj5PZPzBjXfl7NN7pfNepNo_Ub6-PxIBc3XK73Gf4K6Lkj3y7qqFoYqyv9JLBUSBWX8-FlX_Imzz34yjivq5fc_8D82-BjZEdO7eisdl0B7CinBQ1Iac8CJdErvY39ZBu4I082bKsnmNYf7GPymEDwAictkm5u7XMnFkqKuyH35_c780YiyNzoHXahDwyo4Ar4Y6Kfrl5vuhOgpTegHaNqIPOEDPOwMe-RbU5Wdba15HZ8FHQNpH1LtvqjGOXQooXlhJdxiyX-O8oZthMVXqQn0V2cXhxtjy_m00w2Qj3WV2y0edhcWDWciASizT9Ya5hMNkDfHmKEZyEl8tR6TdufmQBSj9lkPj5Bpg0mQlnzjIbonpS5JiavL-6MdoKiaPJnOoJw1vF3bRgIBxGDgKppTRfACuE1gbvHkmfZtcyYtLlJEuZV86gNe_7he2VvY18Fw==&xkcb=SoCa-_M3QIT1tLwHMB0PbzkdCdPP&p=4&fvj=0&vjs=3,Capgemini Technology Services India Limited,"Bengaluru, Karnataka"
165,Hadoop,Big data Hadoop,https://in.indeed.com/company/Medico-recruits/jobs/Big-Data-Hadoop-ed8492a41297c4c1?fccid=c72e2d7f5f426f9e&vjs=3,JMZ technologies,"Bengaluru, Karnataka"
166,Hadoop,Hadoop-Developer,https://in.indeed.com/rc/clk?jk=ed1219e2976b9da9&fccid=8d25321c1defe73f&vjs=3,Wipro Limited,"Bengaluru, Karnataka"
167,Hadoop,Engineer,https://in.indeed.com/pagead/clk?mo=r&ad=-6NYlbfkN0BdoFW-pgk8qz2lidFvI161WPflgHq6k1T1xIfgNTQtPhDCanp1nZHxe2l0t31lziiTHBOdOjO2-udh3kkbxLA_fuql_8u8fuAYzMSnFtXfIPLiMG6hZLOlMhqi_-W3za-AplahrAdEVHtFvFCtTcr1rVOI8Exa-PzUk2Xgf-OLrghLVf0C5flwTD2nYbIJyNkUR5_M6PpI8V_H6fVezHcuUl5LfPUpbfwuMpY86VhEh_r8boRwYrcTYt7PuzohiMiLK7DQGrZsIct82g4i3Lq6wDRcwz9IcKCOIKsUCbwTVIZkGOBukTqp0hYJnUNv6yOFerwew6Ppny-aayKcCYpu1_Q5JDbZOTxl6XxftpD-NxejJLcrCsI-uD1yXgymb9jp-xG7uQHB_feLNA41BJnSxqSEOUFrJH9yhp2SgaqLTU_fzCBvASw2pQKfLWd9p1ORnRTt9mtskE_Qzs4OfqfPFXqpNVSPJPeoTDcX6zJZTccOEd8LtwK2Rq2DJtiUUNqiQCLFuORKXlRP8g6fLHFLqPFXxBFfo-VGeOYOQ0N99ZP_lgyIVfyhiIo6lJAxBUhVLWx8IqBblQ==&xkcb=SoAH-_M3QIT1tLwHMB0MbzkdCdPP&p=7&fvj=0&vjs=3,ANZ Banking Group,
168,ETL Developer,Data Engineer Jr. (ETL),https://in.indeed.com/pagead/clk?mo=r&ad=-6NYlbfkN0C0E1kVSxZWqg_3rwn6zUnYbszXdTQpf9L-zhTFANv_MEy3-TDTKIO3vOAnPNI9rvsqbhRRPktUYmVdtH58VB_KfasyX-jOK9Cbg627OjnJTVxJkk5TwpXmjzgpYJjnIRSpP2NzKPbtF0Kz100NAgMW4iwFVPVNHYjEZ1duCwtia2qB4mCA9JVhD8fkUGWfX3-UDNy-fQQMGkBSGdVUn0HiWKeK304-3c0SxBaKguZaKX3WSUeGgOtVFt9yqWY8-5X4efQIUWfAAcOAQuDyCb4aF-7ifSK8Vwn1KQy3T3tRuA_mthJTmgrXdF1SlB7Iyoccd-qYYX0MDJUelU8t3oG7W8Q_GTYzWXldz-dCCorueSasXMmK5Y_f-HyDHPH0yZyEbAcifnJCKsnlA7mWxpnjytueHlOv6PBpEtKiMm-RFqNN0KLy49fDpxYI53hv42Dj_Y2PU64wt0xJ0XdXKAvQf5grFWFlXrpGHAkpNgbJ50JZnb0Y26Pk8blW6v4CaYDqakeJFFBI7d6LnHHFfjKy4DX70KOo-nyulYi676XT3QWlLUVZVliZ&xkcb=SoAg-_M3QITyndwHqh0LbzkdCdPP&p=0&fvj=0&vjs=3,Infosys,"Bengaluru, Karnataka"
169,ETL Developer,Data Engineer - ETL,https://in.indeed.com/pagead/clk?mo=r&ad=-6NYlbfkN0D5mXFGwCT9lo97i3gsfTR9iTAPBTm16RjVfbVH6M8QHHWZXGq8N5ykkgKTPmGEg8DNq95ru4OzXg4yYj_dYlFR7vciG5JZ_Zg82eql4Tbq9NLemTefdNebiK-nrHDW99PQA59ISih-tX67OQ0af_ApPdrYbJsIwOI4dfQml35vmYcc3ECxBDBXEN5_enux-NZ-1Dgos0f7oCl_3Y-vV1F4CJ34CzwRHrlj5nZB3DWuALRvZKrnKUzv-Llcq1HEuH4niM2ZA0N9qllLZpwbnmpvRYdUsl-wc6OmypXJl7n88vYfrlFfpOzA1aAdXBayw8FgS6DlpxOdhEnVne7g1MjRce0hvmClEkviKBiSzAK6KnGUu4rMeo8Tkc5BNwhTS8JvT-y2BSERWzAdM4GkrEzEwCo0r45bJpZ2VglH11jljrlolpGgbp2tqzIsKI5byfaqOj-WyNe2ZHinvVZ3FmfwZMwT5wwMbCFlef6TS60G2dL5ucvQqsg6V9zYGq8PywbBrhnEf9j91MZ1CSp6-UWQcL7cehUlF-h9P4UmWRdfUoGjRJSXnmlbdunFxLHuVuY3RIpSG3NeEc3-EWAM8nwiw9xWQxasVEgnc4MjDKhJn40sSZIz6MZGdmZ_k6ietQV7j6hYGYRtQQ==&xkcb=SoCU-_M3QITyndwHqh0KbzkdCdPP&p=1&fvj=0&vjs=3,lululemon India Tech Hub,"Bengaluru, Karnataka"
170,ETL Developer,ETL Developer,https://in.indeed.com/pagead/clk?mo=r&ad=-6NYlbfkN0DveHtaohNZTTr4NJ6iQ6LvBAugsddynFItxJfHbw6F-Apcu9BSZNSXnXhmpJE8pofA7Y6GIK-mDpjzTVctjldP49k7oxCGLAsw24w4ti2QU1sf-mRp4UhGHyo1UKcCCg0BlRd7XstQHz_q5AuvjewR2HeNwQZHjWiF6W9DDVVH3XojfQevcn23OnCbt_rY24e3XmYXBNpxGyMhP3O3DrMqc2TwlD1m0BmqdD-PF6PfsMg6WgnvF6fFdajGSgPurwHe4qZrvh7ehrfmlre5y7zS8ZUvvJ9Qm5ADBjRdxVrS_L8HK0q40bHOpB7AlUDXz9nS2xwbYrjARK9o2CuAmQiCgQsx9DH596VTEc4Yg-ecwCi3yd05MDhGnRYHoPvEDlxPPbXqM8tk7oyr70h5KgpWG41fTrTmfvGJBOcSjjsc8vv3btAPJV74HyT6b7ePfxY7tX4-V5ecvJgIdidiH_eaDjBFjVHyLNZUD3wlV_utrLvmaIuLd2LTjyv990h--6niK1bfiy01T9jCWDCzF9rcm0lAPAACP0ykQleEodl8ESWwk4Tc9z-Z-debwWJpa6c=&xkcb=SoAJ-_M3QITyndwHqh0JbzkdCdPP&p=2&fvj=0&vjs=3,Genworth,"Remote in Gurugram, Haryana+1 location"
171,ETL Developer,ETL Developer,https://in.indeed.com/rc/clk?jk=d30f50ddc9ec935e&fccid=4b841d912d46e4fd&vjs=3,Luxoft,
172,ETL Developer,ETL developer,https://in.indeed.com/rc/clk?jk=acc9cbd532db1b2e&fccid=e487a242d9afca1f&vjs=3,Infoveave,"Bengaluru, Karnataka"
173,ETL Developer,ETL Informatica Developer,https://in.indeed.com/company/Trantor-Software-Pvt.-Ltd/jobs/ETL-Developer-ab57deeb48383cc8?fccid=d4cc6de90cacd97e&vjs=3,Trantor Software Pvt. Ltd,"Remote in Haryana, Haryana"
174,ETL Developer,ETL Developer,https://in.indeed.com/rc/clk?jk=76b4ada3076cc37c&fccid=c07d66e54f26ac18&vjs=3,Victrix Systems & Labs,Remote
175,ETL Developer,SQL Server Integration/ETL Developer (SSIS+SQL),https://in.indeed.com/rc/clk?jk=9102c09cb6b2f11c&fccid=39ed77e81f2dc5fc&vjs=3,BorderlessMind,Remote in India
176,DotNet Developer,Dotnet Developer,https://in.indeed.com/pagead/clk?mo=r&ad=-6NYlbfkN0DIXU_djF9v0NrX_xbLRwj6RWFeuMEgTY6VvwKgvleOVEMH6N8XB8ugTc3UeC9e-vJpmvLLLVW-KCp3kJqCzAE6UGQrdXJ1PSEY76eVwSFETE5tkExTDENn78d6vekBH6sMsBdNqQubS57vP31Osmm7H61_O9rbacFyrkOrGEZPef7cfrg9ZvFks0QDCWz_WgerePc7UhwMtxzFeFRdG2Qxe05cHVngf9snJyofwkdYae1RSV-ujMkFfrpNVaPlVM2yBT3s_O-sYRz9PtXTNPAbNpgVIkjj-a5_SLANNNL20yNKB0uVCH9KVfUOi_qn_--v_2rAqMdgVuqnP22XW765B-k3CyGlxfIu8oLgPjYi8Sxy3y1NQi2dFmq3UCKmNTvwKuVt_nveItjWOJOhbJMzkzN1eQ3rC3qicds8pOqyxiiEPS7B8Qj9lnJ2PL-UvFKgnTSd9dh31OcjVQYEnNBKYUT00E8lu3TudU6cLXkk0gxLplQDUr2-LRCmwvWemWAUzhdDkyPLyC9rlE0PdFjJrF1Bd3onDOK2NAdDSiEKBFRwO3xC9-M9Z1qPwdwQMhXlzqEOKlEW1S6MAj_sx8Gq9tKcDSij3E6vfFyylhKvoBFe8gx7JlolxxwWSqLDycw=&xkcb=SoDd-_M3QIUO3-x8wx0LbzkdCdPP&p=0&fvj=0&vjs=3,Deloitte,"Bengaluru, Karnataka"
177,DotNet Developer,DotNet Developer,https://in.indeed.com/pagead/clk?mo=r&ad=-6NYlbfkN0A5XIGzaUpVvNPrFmKmMV3wrjsSUiEf3xmak87m3qsSo0NpWISwCtW2TsDA_BLUfn8SMUK7sKYMvUeCWutHva53lvEWLSpFH5IJEibAuqG_QjwmKSjim9_fM9dqCq1GZIORqPBbJsK3I5Z8MwCBZZ0jmt1trVfURn3v4QpdZnRxUGX4y5EkGk6Rvi5ZxZZIS881R0prRLNE4x4DGsVVMd0Qlkj_IsaooHdMjynfi2a5m9hp0hH7S2Ik_FHoBYsLjKHyLFifCGZ3MIDmX0wrn1HUtb94XZCcAi2bPyG1aPfYwxdMplBhymk9006qTifDOGUP6ZpCofMs55SBXZMROtvj0o2VIYbXtosLQyg-2k1l13TLeS7X3rMGeWurJRY0nmWUbetnsv5mtU2Key10KnILaGQKtcXniXrr2DLbKQAdWq3w5PoFhga3cgg_ktBwZjFlNhxUx91CWs1EKBlW7US-Nztf9b8Q-coYrFYTDt5Sog4noz_-dVeHD78cdfFwQQiEZJ5WEOUB_g==&xkcb=SoBp-_M3QIUO3-x8wx0KbzkdCdPP&p=1&fvj=1&vjs=3,Ture North Management inc,
178,DotNet Developer,Dotnet Developers-Part Time(Remote),https://in.indeed.com/company/Voxtron-Solutions/jobs/.NET-Developer-8bde89b4f47f7e32?fccid=066b79267712ec73&vjs=3,Voxtron Solutions LLP,"Remote in Kochi, Kerala"
179,DotNet Developer,Dotnet Sitecore Developer,https://in.indeed.com/rc/clk?jk=a3490fc9720b77ad&fccid=e300191364ab45d3&vjs=3,Stackelberg Consultants,
180,DotNet Developer,C# Dotnet Developer,https://in.indeed.com/rc/clk?jk=e6a9be885303a7fd&fccid=c785007a0a5a2df0&vjs=3,HODO Medical Informatic Solutions,"Thiruvananthapuram, Kerala"
181,DotNet Developer,Dotnet Developer Trainee,https://in.indeed.com/company/CAPPACALE-FOODS-PRIVATE-LIMITED/jobs/.NET-Developer-16efec3c0f95fa54?fccid=4d1d2959ab6011dc&vjs=3,CAXITA TECH SOLUTIONS PVT LTD,"Kochi, Kerala"
182,DotNet Developer,Senior DotNet Developer,https://in.indeed.com/rc/clk?jk=14fedba080511654&fccid=5b2b9cb3e818c6b7&vjs=3,Acrossys Technologies,"Coimbatore, Tamil Nadu"
183,DotNet Developer,Dotnet Core Developer,https://in.indeed.com/company/Aliqan-Technologies/jobs/.NET-Developer-c1cddd753aa03aa9?fccid=0c97edd832cbb73f&vjs=3,Aliqan Technologies,
184,Blockchain,Blockchain Engineer,https://in.indeed.com/company/TheHRsoft/jobs/Engineer-f5e7d06a5ba72adb?fccid=5a5e71e1480dc662&vjs=3,TheHRsoft,
185,Blockchain,Blockchain Developer,https://in.indeed.com/company/Gloify-Solutions/jobs/Developer-28ec02a548531042?fccid=17061a984d5b8218&vjs=3,Gloify,"Bengaluru, Karnataka"
186,Blockchain,Blockchain Developer - Integration & Support,https://in.indeed.com/rc/clk?jk=a41f5d4779026d47&fccid=b4dec7728e8ac175&vjs=3,Polygon,Remote
187,Blockchain,Blockchain Developer,https://in.indeed.com/company/SDNA-Tech/jobs/Developer-b07d1159d9f4e451?fccid=4d5b435f0d82cb3c&vjs=3,SDNA Tech,"Mohali, Punjab"
188,Blockchain,Crypto Writers,https://in.indeed.com/company/Ultimez-Technology-Inc./jobs/Writer-625601faa8bc104d?fccid=d0710e829afbd6f4&vjs=3,Ultimez Technology,Remote
189,Blockchain,Blockchain Developer,https://in.indeed.com/company/Quest-Global-Technologies-Ltd./jobs/Developer-1ffd5ae1f3ce77f7?fccid=f82f7d5ef88ee8d7&vjs=3,Quest Global Technologies Ltd.,"Remote in Indore, Madhya Pradesh"
190,Blockchain,Algrorand Blockchain Developer,https://in.indeed.com/company/kbjtechnologies/jobs/Developer-0c939ee3611b7bd0?fccid=450d65cb60f6284f&vjs=3,kbjtechnologies,"Remote in Bengaluru, Karnataka"
191,Blockchain,Blockchain Developer,https://in.indeed.com/rc/clk?jk=1b5b108e1447602f&fccid=9173e343a2bf49eb&vjs=3,Perscitus Solutions,"Bavdhan, Pune, Maharashtra"
192,Testing,"Senior Associate, Detection Engineer, Cyber Managed Services",https://in.indeed.com/pagead/clk?mo=r&ad=-6NYlbfkN0CplfP0fMVa5Zi0Q9eSrBV9a-RPkMJuy4ofFjWE5uZQESSoP_bo_TUdmZHHUshw9SGA1bq9m1kPGEbpIeYiT0gSuitvEnUHGoVxi1AFDoJCN-i1dLOEmWaPtgTmn2n6OYwQfwzTb8t3oHaSmd-xxhpaP8AIo8t9Gil4P_Cam0CkvPDlBZRa7tCtzgJd4LfLK8A5Zbjyl_Dvqo-s37CqA_U5ub3piAAlBglnzWdNptIB2Ibd3Cjozh_4RT4GRyL_Xn0tkKwmrm8s9_fArzFb-3yPWV1DBeFpE2MPmJVMcsBeh4jHu61CIMD45gcUkN-Gg4nUoKE6e7SNvvLlmUw4lmqeiSr12kQhw5tySoU805F2MAdYfIuybuIHOX1ilKKbt0UPGZG4ut8Dm1eU_Znj2jg5rsp2Zjs49I3nLqJ6wF-dWHdKTStUnzRkA04WJfeErup4j3LFLfFLfHGUvNxfFRxp&xkcb=SoCN-_M3QIUIplSFnJ0LbzkdCdPP&p=0&fvj=0&vjs=3,Kroll,
193,Testing,Web Designer/Developer,https://in.indeed.com/pagead/clk?mo=r&ad=-6NYlbfkN0BFaysitybmWhP1JufNeCbI_peM_lxa3HYcEXQBTc_x1e0mnhGSEMONNdhihaxjEQDzRuBA9YAQTk-QBumQfgSCCw5VKybby8_gzRYy9twTqLjuJolX6QLZoHwuZjBTmLTenO2je-7jhP4US8CIoFnd4mRO7cwYQ3OO0W7nWeTD3ZktTWqpV_K8epHpn2AHX_CBjH68N9yE2MoKo9nXPFd7eXWl8iX9D9qG4nuo61NVkiLXPfVxWE1eucWLLuwgTDDNMiY1EVW351Lvd1wZC-pD0Htl6AWkC2zvDLvllaHsvXcoAzXh6gyU8moDGWcu4BTbclUBQEBNMHfH1DzopBMpLywqZR77CUhICInJSijfkPe9ocFFPTDB0FhRGGNYhlSSWL-m2sSFs_8g5rzVBrr6Wn-fF-ZUHUv--PyaZCh2cM1Oat9EMUjEht654ltuqEt74prsBridwKx-ob_KVqwU36WHqlm-LT9NxNr5fBab0Fmvd-ZCxieszdxtuZ1vmQlF93K1NaZuSg==&xkcb=SoA5-_M3QIUIplSFnJ0KbzkdCdPP&p=1&fvj=1&vjs=3,Acharya Associates,"Ahmedabad, Gujarat+1 location"
194,Testing,Matlab Algorithm Developer,https://in.indeed.com/pagead/clk?mo=r&ad=-6NYlbfkN0A-lp1FEfIYC2hcfMXK3DEZt_iEPNIUnK1r6pdr8kOWOQLL9mctG0FqYwYoZuDIMwP2TWCOL6QiOmY2_elHF72g1Rz-lcAcaTgEy3JPumw7K1KufAgDPu810R0iHJ6sS3QbEEBsVSFLkuXwI-5aEt22TOCR_Vs4bf7eq2NyNLso9WncEqJcEjoSixkdL8nQTT9yp7Ex3OSs9_QFSSBweWZYjid9-rklbVpxCbNERnVeDxp3i6000XjBWphpomiJKYteyJx0sXSZ6IGWnx_Z5-PrQ_rfTL_nqq4xzHN0tEshVzKaYxDdNJXopPgViC1a2ppzifoVQr4os8wUv3T581ZwmrVrQmxfSju8ZufcLKq7at8-YxSYqq-UosqfnOCzT0vl_sDQASmJIURO5Tp0tlZlyFDZeQw6-Zyil-6breJfY-HIqC6NPF0zKSvdVTQdfYg1irE8QIFZ7DApIkMb2XFGqGYugbFN-bN8T9qwu35nPvo29RhrHIYo4nSBw0PD6N1gVhPyJv2kak18m5giQkzZueqUsyjuZ14HZA-eKlddCHQJshYlA4uhip6RgXUpOQk6OW4lwaO1sMNdglDttWavLURYcp4k-h2h5NQk5njLevvQPwlURVoDWSmrCOIvE-hz7ExbB-5A5jhNYTRL9RVbqVT5yxJBaJdsKB3LKEu2NiK4dcQTkBMz2uu2SN0E8D4Z6iezHCdzDnak8RVAtJ67&xkcb=SoCk-_M3QIUIplSFnJ0JbzkdCdPP&p=2&fvj=0&vjs=3,Aptiv plc,"Bengaluru, Karnataka"
195,Testing,.Net Lead,https://in.indeed.com/pagead/clk?mo=r&ad=-6NYlbfkN0C0E1kVSxZWqg_3rwn6zUnYbszXdTQpf9L-zhTFANv_MOMwIcWzk_oR9zM5EZUppRrq02ocKQtFHpJFBPLOszYGMEYnqprudGyL_40GqwheQRCu1STD_D0uh62cWytty7P_OQSIPGuWj2Ud2rLmhgbIefpu8BqsEbaODX7wIjg4krH4ePJ831tUAALImxpv5XK3XzfPEzA768KYG2zYMd1swRnJRnSpl9TGUgf31WwQxxBchq6eR5NhZ2lwb56UyYi8yPKHENB76iZUTvP4yV6WkdhXYwXDDiehXLqGdIzEdB8iCvioR2FldHd67IhYk4KpXzW1UQ9iW1X-qWL7g1ksjRgI5Jx1rV_QRjpGFabNXA7-CR6X9vjgVC4FRUJ5LRdPmPH5fSI6LYIOtGf9wGF0youy_SGTf6wgPVow7nIGylcLfXclQNN3xh5j1FFMWT6rDTbycMZ4RG4sN2okGzjDl_3x-YpeKa9MU0OihYRBxJbliop24sVyWT-WnzDXfCYH8WBz9cjcX9zDIvZA5gdDX-xjdc16Rxsd4MBIN7FtWkdiisX_vv9b&xkcb=SoAQ-_M3QIUIplSFnJ0IbzkdCdPP&p=3&fvj=0&vjs=3,Infosys,"Pune, Maharashtra+5 locations"
196,Testing,RPA Developer,https://in.indeed.com/pagead/clk?mo=r&ad=-6NYlbfkN0DIXU_djF9v0NrX_xbLRwj6RWFeuMEgTY6VvwKgvleOVNkZLBY5brOMPl_aYGto6wzUeqSON25SSzWRul3CueSD25jbWkXgFR75d_pVGfgXLqnzhctYdyHq4WE4zKiUbjfPOpHzY8GYVYncs0yjjROD3kuI_EFZdckz17PFG2cb0I903tibq9TNM6l_MIR4F5jKvPJTRxMpWh27xhCYGPvHGSbLGp8wpVu2cJzUWszMXI3CZcnOQ8JjPhMfqDjHW-Bdh9271vyk8bPIUEAEcfltF3MI5efDg1CMiZPI3GOZLQzkigglNwbEnvxDZNGFQ2uGGSljI4XCcfxUgf7rzLKHjODf-kH_EGzLzv7g7tPUOLQtE1mq263D46poooLBoG_YCZWlBTfRyuMeu3t70ifV4EDXLZby1wT4YIVl9fLgQQrb7x5f2pLxnzT3BYqkHt8XwW2F7v8Y01UnY0D_AnLC09H3sVyZfq73Pksbl3rCQ6prYAN4apsjyLUoYkBMtqZwvO3nhG54ssoML8ME9nL-GbvSoieAxexW_zb7gBAY7BC3L9XJj0P3dBFI0QjIydibRBjEjGwOmfFaw-YUm_Ggd_CAWgDMKLEANVu-P0qQ4A==&xkcb=SoCe-_M3QIUIplSFnJ0PbzkdCdPP&p=4&fvj=0&vjs=3,Deloitte,"Hyderabad, Telangana"
197,Testing,"Engineer Sr., Automation",https://in.indeed.com/pagead/clk?mo=r&ad=-6NYlbfkN0B9Z5kUrYpJSl1jY-NmjPX7HlwbyZlOtE5lNuYxyWYp6wH4w4oCjnyWj2mpoyouuSa9sc9gWSTtJ44hQJrNN2VtljECmr8V8mFxXjVrnxjIR1dpi8CJn77tuHnpeWRvpHHnfWnzTqdRR0POGydsd5VQ_YfMZLx3PVw37uLDf-5WMoNLwEdW5t-dLABK_CXFtgWnFMGWDuRiM5t8PGePId1_ForJB_n7ueBRZzHsZoeFaDm8rZbrE32XTY2IB2v8FjJozB1DeBJFjPYuz3q_so9r3ss9OlA4MDoM1ShhfHiD5DMQPyOxd3gy0dQrDvasH7uM9Ulmfr06e9STWDMy7O3ocPmoTWouI418-36oNY_CjlsvXEs1KDpsBxbadsitl0iFM0ePJ5s7QiPmscZBpjTqkBNm88GigWdWIiO8nj7gCywxIqNqUEoQcrYbNWvckrRBxv2hqIk3YVE9Z0CUtaq8HSMbTXmL812Qa1zQgaXq_TSmowj0KrvODSJ6vYyQJIXAOeD4W0vop4DvhaKOO6r74GDqKkx7sR0=&xkcb=SoAq-_M3QIUIplSFnJ0ObzkdCdPP&p=5&fvj=0&vjs=3,Giant Eagle,"Yelahanka Satellite Town, Karnataka"
198,Testing,Test Engineer (Manual Testing),https://in.indeed.com/rc/clk?jk=ad3ab39116312bd1&fccid=f8c8300474355712&vjs=3,Landmark Health Technologies,"Bengaluru, Karnataka"
199,Testing,A&A Informatica IICS - Senior Analyst - Hyderabad,https://in.indeed.com/pagead/clk?mo=r&ad=-6NYlbfkN0DIXU_djF9v0NrX_xbLRwj6RWFeuMEgTY6VvwKgvleOVEMH6N8XB8ugTc3UeC9e-vISrg9WCqQE5qP6qLPco_uA8X04b6owar7_oYELKqzDjIrGFEpWMnNzga2LHe5-5_J1mx-rPkPAI2KGOxYNxkoOSvBGI_CEXB9t6-CzcJ6-ikEF0ML4uYjZIlhVAq8O1r5D3DlRMRodEA4jm5-YM7cf-2mzk0smsG0sCAm8XKxMfWTQVYBTlz4wnQfxykKMTelK8CXK2Tw3QDhHjbDInD_TDMYP1QlijbeYoEPULfjsL0ZILi1kXkMnkNLF9WYdRr95_50hHltMF4XAgBdJ_6y6nDFFZ0C2Aw2Q6t54mnk4OKfm1dvjiTJH0aWedq6yutYc7okXhiXxEYhdPB4eesHY1CcuOdTofZ8wc2kMcCwr3-ucBASkgnWl7OLFtkuCUtRFxYjXH9Pe8VIt6jflEVI6kw46vkjoqL34LBHMyh6gPDsSyPxHZeH1bWI1SXkytAO5HVqpTqhgUKXmcBq-VEbuNoZ0SIvIc_mAlCf-55XNN46hgTtAyh7ZYox27s0a57P2TXxEVmsm6IIfcExdRwnbRKLXSSyXf5Mrq93OIdyVbA==&xkcb=SoAD-_M3QIUIplSFnJ0MbzkdCdPP&p=7&fvj=0&vjs=3,Deloitte,"Hyderabad, Telangana"
