Advocate,https://in.indeed.com/company/Nirvaana-Constructions-Co/jobs/Junior-Advocate-b3389aa64e714bbe?fccid=d3f6ee2f3677b828&vjs=3
Advocate,https://in.indeed.com/company/BankDRT-Informatic-Services/jobs/Junior-Advocate-4b6687c603088113?fccid=26a40ee712afaeb0&vjs=3
Advocate,https://in.indeed.com/company/Rahul-Malhotra-Advocate/jobs/Associate-Advocate-48620cadb4288fcd?fccid=d7721ad4dd1a88a1&vjs=3
Advocate,https://in.indeed.com/company/Saratha-Techservices-Pvt-Ltd/jobs/Legal-Assistant-60ceee94df3f8da4?fccid=f75501b0d07b10af&vjs=3
Advocate,https://in.indeed.com/company/Chambers-of-Prakkash-Rohira/jobs/Advocate-8ba7b14206bbe551?fccid=141c268c63d9a695&vjs=3
Advocate,https://in.indeed.com/company/Ralo-Associates/jobs/Freelance-Advocates-229b1620a55bcfe1?fccid=058f214e00391cdd&vjs=3
Advocate,https://in.indeed.com/applystart?jk=c39e922d62567f51&from=vj&pos=bottom&mvj=0&spon=0&sjdu=BQ1fOKU6SMjz57AxXCzG64DDplm6SwWjHcxyoDIphKkD0ft4WigQhcw44yeiE2qkkN0wkll9wDHc3mnStM4Hmg&vjfrom=serp&astse=610ad6b14716864c&assa=4571
Arts,https://in.indeed.com/pagead/clk?mo=r&ad=-6NYlbfkN0C5VYXVcdIE4jQ1eBuR5leXxhsN8PLW94NgUYzCCmvfGDmuBgwTO9Ge6Pua04OCDM4qt-wSOaH2VLn-wNNtDyB_NrVjkIwspBKa2s3ttk2snfgwnBuiKNjJ9viyz-mGi03R8Su_zyjFSbSYdHkP6nB4LHnIgeZycNobmzbLzbriu1UKDEayIwC_HE4mP1nv6oc9b_cNEYsgSWw2hIH-rnejdtiGiw_YlVGhRAllZlSAMHSCLTGmzY-SjcWZeO1PT5kElDCDmV0NsbzN8Yk76t7X9cWBLylJ7eAm4rorFtG8C_p4x23ZQP2xkIj2K55LebO5-oUf6t00_czp6E5W3FTzM82_ZgvvPWMEcHBp_yAmCTE2Zk1Pmu04ZvU4kcQb2DCcTIAJXMG7A38VAnKY8XzMaCDrJDvkkn90ADPabPsrRFb8hVMlijrlQyRV3Mjf_80XpxwjBeM2xVxvJzGS3px5z3_9KNKAx0c_cWrj_VpFm1A2yJsEppR44wS9gdL00UBgIKoen2dE3Q==&xkcb=SoAk-_M3QCQ1KJxGsZ0JbzkdCdPP&p=0&fvj=1&vjs=3
Arts,https://in.indeed.com/applystart?jk=38091032db9b1030&from=vj&pos=bottom&mvj=0&spon=1&adid=395352563&ad=-6NYlbfkN0DIXU_djF9v0NrX_xbLRwj6RWFeuMEgTY6VvwKgvleOVEMH6N8XB8ugTc3UeC9e-vJllHtkEwHiRwmZgu4oPFmGpNGpBSlojQZU2tV3pukN3-1U4YTwpTA-GBAplJzPqdHEZIGkYuogjfAS_8x5RKo8IWOWdTSKU0hex6yZe18UQSIO4WUnMu5ESsnMVEl1c-TwRZx3SO-M2VhkEqQguhRGymSr-8A8an2Kn_AbYbQ5FGrx6GbAjG0-HNYOhjCO4xQlLIi4SuJWp2p3FdJaTNvztsDp3xitXVG694uy8jErlE3Ytd78eYspMbzsv8qPLgaUtxKABNdat3R_ij5NZFLE4ekRRZnBn0y4WRyg2Llt5yMB4Fh9lcIWGDhs2DwJ7uVA0CYAM5PMbDINgyZRdC6IQOkSPe0IC5RlpB3ZVz_1vA%3D%3D&xkcb=SoCD-_M3QCQ1KIRGsZ0LbzkdCdPP&sjdu=AplRbyslYqFAqejPydiNj6GGCECFsfaGgUt_p9tqkgI5sXtRemJSB4wXcm5AilyjpdMQXpv6-b2q_pwxkqgQE5SA7kujrDFTM5kWXsvn3Xt1dBfxHa4s2KDIp4tDG0Xz9wQk9fQf8EqsZyLBY7GCjPgVu5hAP613-ZpateaF6pej6kANS1d44RQgg8wjHfd_&vjfrom=serp&astse=419be813f6187884&assa=6599
Arts,https://in.indeed.com/pagead/clk?mo=r&ad=-6NYlbfkN0CQPOSeNeT78fZkayaOLvbZyVMIhFVUbWJkrEGRqRVEVgvwX4xk3_xEPkdlHF2Is11KErb49WAMzvjN_LQhGqEU2OIxpEFazaDHWs5X6ALnxkZSLOpm5ma3Z5DdKdsZaj72Czr925v0RLhtLNUSM9EhK8l8bhTpZqAXRJcLKP2T5-r4cn_nwDyCb6-6a2qgJIT9w154gYYUxwbt9YKReochKvitECpfmWrtcmpUT6U6qOnbxBV_6B9FaHdMqSluTTSamwBDE66mFaSG7Fiji9jH_dhpyPrgCrVMqjwG0LdrHSkYRGNjHBtQysqfUXCJDEUACgmjsGjAWDdPU3nJKMdkqy36kqyLYEakbAVR9NdEpXnTHnCjj26Uib0uo9CgP98h4YYI1ltvo7WaTmvfB9kt25zw-l5jnzIMcLYtz6DRCTO1ygELEG--tfluSjrPBgtQxQL8LTTJyOnjhi_dAIX_fViBX_4gJGoXTg8gTE0M2fbL9KlKzZgDdh2Nbc7KVmQ=&xkcb=SoA3-_M3QCQ1KIRGsZ0KbzkdCdPP&p=2&fvj=1&vjs=3
Arts,https://in.indeed.com/pagead/clk?mo=r&ad=-6NYlbfkN0CjxIkUAm65iVK7RcxY5YHJNYrhEaFD2dNZgDNct8duGls-bfh8EPpbTwbFLzleMCE_9cDtHXIOmor4QC-cma3-tHACBLeH4lACT8Vzw7XAcg5nZ02ZGRaCXUshQ26F4Ambl1X3hhDwGqZmAQitaPemexIYB_C_GdhI1MlR2I11FQ_BR_00CHQklsVVOlw3RKYHjb02OzgZ4lrXJN2hC7SfE58LRDy-xf8FU2SM-kAriCXH2dYL0PBu4chBMmEWGyu3vs5hWWXcN9izbCbmVXncgtPykxD9m-2yldWqSBE0mIgnfSqJxMBuvBWHrNWmAl37_NK_Sm1ibIj_4QCbyqqDRReGLFJKx18E3ouCciwKAPEFfN2rM74lwJdOZoxh2Iq_gcMOaw3D3PC5sifnxZ_KHL6fd3-DVIpqRteVFNabOhTlF-qRG74itLiYga2NNrcWy8zCdxZD8zNI5ZCPmaD-vFaOxGE8JlBqwTfjI4BBlol9qC_G5_AtRi6r0avp-u8=&xkcb=SoCq-_M3QCQ1KIRGsZ0JbzkdCdPP&p=3&fvj=1&vjs=3
Arts,https://in.indeed.com/pagead/clk?mo=r&ad=-6NYlbfkN0BqtDXZXr3g7DYSM8od4L53-aD6ePfQs216X6_dPoOSBeWngz33hwX36gp6CSllYx-yNz5ekPWLhoPxMdnwdvBWB42UooRsZIBXDWBwjScpa9zFsY8kBKXbBaZDXjw7lNYPKK09VuwLIYkI-SWUW0TUY1U-NNKsNyjo9OnEH6I7Qa_kWg9MnFiBgV410bJY6ngpyybHWgnt3tMRwaAtbbKf9yRYYdk5pKGOTzu6hULSL6VXeyHFLpiob_AflPt0ykdrrKMva8FCwF8ODtAIBOgFYMq9olhW8fCjJ2SwVNWM3L7xLppvBVcPrgOQvu_YDoqXjSLtIZTGHCmNEIyyq_AaErAaIuyQWJpXv6VIe8m-kZtBPTPLUWVhInMfhuu1mRJLT2kSx1aL36CjyQIhwutCY3C_5_hWc33CLawQ1Wn_WxG16xtCUjpm-uOQFaqUn2V5R4pEpTL3O8_mfEs4n91FVLEytLmYcpkgyq1203vDZJ8zXkGp4eeu&xkcb=SoCQ-_M3QCQ1KIRGsZ0PbzkdCdPP&p=4&fvj=1&vjs=3
Arts,https://in.indeed.com/pagead/clk?mo=r&ad=-6NYlbfkN0Ce0Re3Q4SZPKgkOfz3MK_wJnF27JL5n4aRmZHYXS0RRQUjlKkuIyNUqsGfwOHkySwievJvB7q64dXq7kbMmIQpUweUU4IFu2NoPHWl-MGDDeVx_9cjq2NTCdpzf-gv8UVkBPWhUU8wJmZ0lcd8o_CGc-K8m4fKtW0MHj7-4DC-gUxEStWIdyfKcElTeznDcmT78At9vwPCahzOsz8gPe4EPegENhqusrm7pF9b_WroXH_ypfP5rN7IRXpwcHpz4Bz9PQx-qX4oQOOdpip5v3SJ49Z_HjaonD6mVTELOyr3f6Y2orjodSYKageSAZNaiyxWiF48eAAabz0gKJEyxpkXRXHGDffwdSxbgjOmzVhLGsuSvvEFS-iIXPE-wg7MmM7i-OAjY5Lu5pbfKV0gJeFhrZaB_j3Xbo5xvAX32QWhiV5PDWHc7NXQtBIHeh7ow8LNMbceQmuqJrdY5Uhibfs04eYj2r3pUikAnTpVjzNW8Ic2WDpr0Io3_Le27kBrIAA=&xkcb=SoC5-_M3QCQ1KIRGsZ0NbzkdCdPP&p=5&fvj=1&vjs=3
Arts,https://in.indeed.com/pagead/clk?mo=r&ad=-6NYlbfkN0DLok_H_kuyxGKThci9xb2pBwFll7nXFNDTQA7tlXc62Tp2kLYxJNmNBvUWpL4CeQZ2a5yJRTQkKw7ofyjCBKWxlblQHE8e7moU2xFdEyufY1V4ljCrbaimy9qDzeNy4qiCz77v6ZwiZD6ZfM6-TO8TkStzUhWfUxGLgWgVjevLd1O3hhEGON6qTH4VqZbBl46UZXRAperTKYk9SgqaR9QwYbr4evjT1GWOQVHjuo5mAbda6C2b_3DR8PHIYexzbKnWDNltgrTRs3dxTXBW3d6IEH7UuakKJE5WhqjKrTvEDdPO1jNhmUQCdpMvabmVKFfzMMCrVCNBBi6yriTu3mIFebxGikhPVgVXAYaxuYJn4oXOHQ06g2unjoGKVeAiLT--2S6d16knD046sZGD53NioM8Ov_ImpzgAQbUh2hk0kQBICjlgWcdl6Dov5wW9gGvXnMQHkznV5EduyGJQm9Ha9OHWzi42xnadCwzmvSNF5aavTXE0UttvKW8NJQ2iwHU=&xkcb=SoDk-_M3QCQ1KIRGsZ0DbzkdCdPP&p=6&fvj=1&vjs=3
Automation Testing,https://in.indeed.com/pagead/clk?mo=r&ad=-6NYlbfkN0D5mXFGwCT9lo97i3gsfTR9iTAPBTm16RjVfbVH6M8QHHWZXGq8N5ykkgKTPmGEg8DlgXCUNWz4sXp2xBEZMcmy-pcN89fJiwXGI3W9SySyKuioMOWdLVC6p6qAJXdq14nWUJ1ek2HRUW4lxbOV4vl89cf2jH5tuTU3fFK47sCKeHuly-_bUvMut6oHQtnXDS1Ffv4OOF5j52dDhl_Lkjxd48nEj5TDNZasPmTjL7qcYM3smx-RamoP1ccNKNW9FRIP3tCOjOfxJkvI4qXvjCL7lPt-ocGMfQIatjy4Rx_h3ZHUabl4Eugz8WZUisgfkEvWefdpnsvma3emYVjLSoQntpBXIPLAycKhqZrHMx3H-uxQgDKEnNDggpZCwFfkFQuC7YEIRS9GDiCjn8KZaQWsWQBO3ftqp-wEoVxL4sjst67cwl1cfTu5B4qY0mjB2Gybq6Z2TLwZGsPTJmObaANvQYe_683_QJuOrqWnAlIrmrKHviB_Vo2QO2uOxzGjt6D9ZA_EE1BIIJQKapDqp9qhu1b5mIFsjwF4JzyDae35MWlC8EpuEJ3uXAPjjQDrUrkSFl_NBt0hRhcKJoKbcIH07lpwjNVarms=&xkcb=SoCd-_M3QCQytnxZT50LbzkdCdPP&p=0&fvj=0&vjs=3
Automation Testing,https://in.indeed.com/applystart?jk=bc8488ca9c3c0c81&from=vj&pos=bottom&mvj=0&spon=1&adid=395352563&ad=-6NYlbfkN0DIXU_djF9v0NrX_xbLRwj6RWFeuMEgTY6VvwKgvleOVEMH6N8XB8ugTc3UeC9e-vIN3hjP6DQ7ZJCWuIFGHAs5l7-YCSKq7T21GvTQP5Q8K8xwQlFwJ8CM7KO1d20fa1WSL_1lgfHbwIvWGDlPzV63VE86I1-pXS8YkBEfUMtKU_2x2HoYW1yl4nyglL6iVE0uhl2_2yW8XdaoaK1iOG-kcdUX9iL3QrG1cOLa0IqJDUaigbGmP0qRd3fwJxss17YQ6Kscin15oY7JcfUW8tOLyLTyXXEtkyCbxsI-pY-6tgVbYCdgC4RvSd2J1D4CYUnxglKMxan-XjbXqmNdYprhU6T-Qafk2osyuhbPszS4Z1krqRWugeLDMdybH8I2j30iEsnfQWnDQm81Cc1HOLjcKSxTbsk32lrkc6WQDktLNw%3D%3D&xkcb=SoAp-_M3QCQytnxZT50KbzkdCdPP&sjdu=AplRbyslYqFAqejPydiNj6GGCECFsfaGgUt_p9tqkgI5sXtRemJSB4wXcm5AilyjJhFzv8EZqpEg2k_XvXbLzOpXLrxVTVk69GPv1JoBhYruUkeLzNQaXH-koKbpAQcDPYBK_ebN88nHxINN7wtgutta1HGoeqY-a_DNjR-yKrsORd84hbM1plM9lXeQQJno&vjfrom=serp&astse=4db4640edda7da87&assa=6998
Automation Testing,https://in.indeed.com/applystart?jk=02b4ccf15a7c9123&from=vj&pos=bottom&mvj=0&spon=1&adid=391652093&ad=-6NYlbfkN0DIXU_djF9v0NrX_xbLRwj6RWFeuMEgTY6VvwKgvleOVNkZLBY5brOMPl_aYGto6wzf_rGZNgdvaOCXVod6Ngwckj_zMWjTetRiqCgiRhLNQ3Uc_w01BZCQ7363AUFLty9dsxrz5G9lSk55XaZmL03_WMFfctxEknrlPjNk1ssgJfE8JTPRV2cKVSQK_IM4l7j7h86Jn4i894r7O_aJSmi83gC4UTuOkh2oPGoM7fRmsFXqZXuUJW-YBpMuZn_ruh39Xf9kZVIqkLgzZYI7MRT9HFDnOjjBdYOHh3YLCGh4Deouke597qFnTXMdmVepGbbu7G9eiqiNdaqivN4a30BunhtAOddUJZ3gJeE3xB7g5IABlqplW189gJnXZTBtiSc-K8zNCbo3tnYZCQvmxW0EE1_XFiCoJJx9ORCJAg1IMw%3D%3D&xkcb=SoAT-_M3QCQytmRZT50LbzkdCdPP&sjdu=AplRbyslYqFAqejPydiNj6GGCECFsfaGgUt_p9tqkgI5sXtRemJSB4wXcm5Ailyju3nYyD4P0Fpp-bRWu1IfGXMgZwGQzXJAoeD19iZ-QE_rSdtajrfELqR1QzAjHxll47dxgT5sH5Jnqz5r84-2IlL1wGknqYUlOD1-x2BB5ek&vjfrom=serp&astse=9a66e9a4857a7c18&assa=8440
Automation Testing,https://in.indeed.com/applystart?jk=45b0fe065d05ed8a&from=vj&pos=bottom&mvj=0&spon=1&adid=407866692&ad=-6NYlbfkN0B9Z5kUrYpJSl1jY-NmjPX7HlwbyZlOtE5lNuYxyWYp6wH4w4oCjnyWj2mpoyouuSa9sc9gWSTtJ7Imm6kWP8UHLbp9aZNTTRVEu-VOXOD8tI7pq2eyuJFTadwaPfTNh_KxVF25Sn_CbreLVQUu0475czM-E1QpPbA2Ipf5sio5nJc1TpTKoSDItd7afv5K_w-rhgF0EZBfcLx86J7E4xqPDAT7zEJx_MQcOqZSEKyG18y_JwTjGXjX6a04CKVqgTVq0DtG0dOfU0ZWzMok9mY4l4_54hkzDJveDiz0wBrOsc_y3PuQbwfM79EJkO4x5b2KEQ63910by7HLIZiVnP2zCjv2zwZHfXcGXvqgPKaBuEVnHesKOOR4dtQemMDd_A9BBkt99FA7-bGxECR_uZJyffHNiJDmRRDzfW-tnKaHPB6l9BN-8EXF&xkcb=SoCn-_M3QCQytmRZT50KbzkdCdPP&sjdu=i6xVERweJM_pVUvgf-MzuXEmTX_rlOCHKgD6sn2Zo6l5lvfKsIo3uhX4NVtlcN9fk48SsySfH8gzkiE_nR8Msg&vjfrom=serp&astse=3da9ea928b9e919e&assa=14
Automation Testing,https://in.indeed.com/applystart?jk=766a183b320453fe&from=vj&pos=bottom&mvj=0&spon=1&adid=379902361&ad=-6NYlbfkN0BdoFW-pgk8qz2lidFvI161WPflgHq6k1T1xIfgNTQtPhDCanp1nZHxe2l0t31lzigchyALw_75iRfeaIifD4zFFMzlk_0w5rUiSDBxfI3OuahSrhYZRDqddTo3r2xTFSZxdvP5tw8ka8OadIOmabfWFSa_vmKmk_W6dthDAom_0otXxluuRPJIQGN9IJZB57cw7mrcDD_rGWVchKZUfMz9RQbOj-ba37bivv0uMTYLQMDKAz0bGwLqbkOgQfAB1BGwIM__WgBfbiJDH_o87HVvuh2hNMNR44n4_jXt5F6buoZ0uQJ-xGQnw15GyMgk4ui7KZpOu4VILH4Mut_ZyGDARgFISge3xN0o9YO8VaBkvrNELcYMCrAE8Yvz8ZWgF4MMtuau9S1jJDiO8BdCdwBQfLt2w5KtE6iVbvU5Q39tkg%3D%3D&xkcb=SoA6-_M3QCQytmRZT50JbzkdCdPP&sjdu=0ZFwD5rbjMRcHz87Kzx_g2brNjSRmsLYp1JzdLG8i8e2FkPvXwyyxMc4Lszvfo18NODmCm1Lz-otqjlk_wH6wCJJ7UzrBvFJa08dm82oIEjDjklBf7-DMfRCsQO-zB9P&vjfrom=serp&astse=a4559ae96e1f81cc&assa=1821
Automation Testing,https://in.indeed.com/pagead/clk?mo=r&ad=-6NYlbfkN0D5mXFGwCT9lo97i3gsfTR9iTAPBTm16RjVfbVH6M8QHHWZXGq8N5ykkgKTPmGEg8B2FiMNAbweWiCGRkrfDu7QFsEi53H6Lye9_XZCnjbVyW8__qg1T_FLLAlFXf57tLllkObSjmq_M8IVS88Je_K3k_EypEWonx-UuwalPq5BJmUqkA35ltjHHmpUVLSSwYsFPzehopLZZqV07FkACyFd63zEmDhJS-fJE7drjSGmD4QFrj4t5elxTu_DzDdY5s2jtBN4JT91nFMdX5Sm_Wk2oUaSDefun-EUfW5N7stSVArvuPirQtbKcv5yunBUPyvwb3JnXBX9Cm_bxGUlS-YhrL1p8rFrAq4qKg-HAs_x_EYGaFOxoDmBBLQG6H8Yi7TXDGBWWt2MnJyk5xDKZgkDwbyM5eQDO3pQf0CgYWKHampTq5Z88naDq9llILmHp0RoGZeB5du21ZVvLn446OJSgV0LN5JBmH7z6Ty3H-5EtQwvp8dGHGpqSyXamwBbULBwgJvTxWztomf4g7-UF0MD9bDxyrbGoBsuz_A6kExPf1VWQ6KikaqRkB5h-q8ErTEjl1PmMZc-08ZvPFXZStPxJSXrrTjlqjSO3FHc7B2jXQ==&xkcb=SoCO-_M3QCQytmRZT50IbzkdCdPP&p=5&fvj=0&vjs=3
Automation Testing,https://in.indeed.com/pagead/clk?mo=r&ad=-6NYlbfkN0C8y4Gl-ymziFpwoz6BKohGaOLS_1AYd4nfx7t2e3XMz-nqah8CDun7wxXzC3BMULsmyigSFUAUTvlaZzJlh9YVEI2aRdV2rI-XUyptmA7dHqwEQbumWVsA0zsRKWeupfB845j31FF21cJQOmDzb-yP9NTVfVMdMGC0Ob6nPtkjX3A3ZQP6KA07CtpFsqWkKZ_gW1iXHp6g_gP4LMIANlAnZA2HJJK3dNWxfX8tjQhB2qPydV9a2Bn5WD8IuhT3ZfBUCEqFIG9ghy1RhqepVILKPtcec1Ogo5V_Cgy2TjRP-p6YlneRyPeotw3TuVlQSLlLFk_Jvpmpl7MqePQbtGSaDSh7weo3Pw47ovagIY_j6TgB4gxpGTxPKZNo-XYlnO51x5pZiJoxH8yoiCK5k2tfwdXQoOUpq5NG3z-uJLX12sq9pR3TYOkwqcPpmS9zFb3j6cnWB4VY0msnUzpFcEMUyK9Qj5Mg7rrUt5bbaSdNRkXs2GCexfbxg9U-3K7193dkPJPX2ZsUd3o1uwlkSfokrKSpBHnXh611KGMoY-oIp6H-eODPPkZS8fXWGJrlIHUxpkHJxLqK_CxX7q_XeQyVGwRc2p4294h6ZNghBXsENw==&xkcb=SoAA-_M3QCQytmRZT50PbzkdCdPP&p=6&fvj=0&vjs=3
Blockchain,https://in.indeed.com/company/TheHRsoft/jobs/Engineer-f5e7d06a5ba72adb?fccid=5a5e71e1480dc662&vjs=3
Blockchain,https://in.indeed.com/pagead/clk?mo=r&ad=-6NYlbfkN0CY4YYctr3gNMGauubZorYlTtbMtGDoE4mLrJtOofSAUJOTVXO3t7yTWlSWf-ncjdbOFv9Xu10nIL3sDruoJM-VsMXtlzZgeMdvxPle5iW7q1n2TeAmfsRB-zodkv6gKlOVAcm0L0JUxk_qPQhd15cPGHS7dSkrGSxV6cBzG_4p5ASh4wx6E8g92I2uznbIxYcW-zCt56vU1bio-z8gi41SfSuurLNOqHY7LbeIBuDjwz6FNSxyUT8C6-H-J4dauPEHr-jC6LONSaGrwlzn-HzocgDB7cdLqY16uA_a3-PXX2i-FxmsVMQLyngzCJkeRgRGzxLtpbC5tJYnaYSVorz84019OXHvkJ8Z1NnvwXI6Dr0Xjp3BuFnTs-2lWU5EA4_YYHLwwAwatHpglSBBJ1uAqQvfWGTvsJzGKKkhrCDQqYrENytC-bzJ65OsiHbzNk-6jg19ALS7d-MoFj4SaLPFsJK62uro5liiSI_rlgHK37kPuYH2hXfhV5B6zzcQwqJ7LBNUp5GgL0bmQAXn6jWdsaz-Tw6-ZaejOtRuUzXS7g==&xkcb=SoCL-_M3QCRP2RyFtR0KbzkdCdPP&p=1&fvj=1&vjs=3
Blockchain,https://in.indeed.com/company/Gloify-Solutions/jobs/Developer-28ec02a548531042?fccid=17061a984d5b8218&vjs=3
Blockchain,https://in.indeed.com/applystart?jk=afeb83975ff69018&from=vj&pos=bottom&mvj=0&spon=1&adid=395352563&ad=-6NYlbfkN0DIXU_djF9v0NrX_xbLRwj6RWFeuMEgTY6VvwKgvleOVEMH6N8XB8ugTc3UeC9e-vJM6GxzXTA4XhroBuTIr87XtHRUC_lR8LGzpJuP2trWsbPPLuAnHfnRpbmWSDpAblHX-VLKm-Gr4rXX53IG-cGzSpanNz4sW9SVpDmd94a-271JdQx8I0JqwD-FOtwk9Ydb7KETOcAG-yUgvCql8BWUsvBwUKTVc2_zxFi8qtdHFmuOKWwXiE0vEpGvNqr0_2qh8izCit-PqDboa9hOTXC8NJBtChMcLnYo03_r0Ns9asbSugmvVaYZd6KGyhDlJJsrEPJsK80WW2gQ-u25qoqbccyHILf3o-7GrYrD_6PaWsk3WcB-3Q8FKA1PtJtJlDTH08fwqOuN6Dr2Oah8SoFUi5L5QPBgNBw4HbW3-fegbA%3D%3D&xkcb=SoCi-_M3QCRP2RyFtR0IbzkdCdPP&sjdu=AplRbyslYqFAqejPydiNj6GGCECFsfaGgUt_p9tqkgI5sXtRemJSB4wXcm5AilyjamHyWwcZ__hfVtJ45lqm0u4Go9wDIeoJNCIk99v4ZUs9nbMN3KBRUGrSDAr68ZuSTYmErTPZk82uiyKWRONVsDQ2b9Il319ZICwwVIqdchs&vjfrom=serp&astse=fdee46e932b5fddc&assa=2368
Blockchain,https://in.indeed.com/applystart?jk=a41f5d4779026d47&from=vj&pos=bottom&mvj=0&spon=0&sjdu=BQ1fOKU6SMjz57AxXCzG64DDplm6SwWjHcxyoDIphKmD5wGEKQNpo7xvSz4sT6t7kN0wkll9wDHc3mnStM4Hmg&vjfrom=serp&astse=d9b6d5c590d10b44&assa=3721
Blockchain,https://in.indeed.com/company/Quest-Global-Technologies-Ltd./jobs/Developer-1ffd5ae1f3ce77f7?fccid=f82f7d5ef88ee8d7&vjs=3
Blockchain,https://in.indeed.com/company/kbjtechnologies/jobs/Developer-0c939ee3611b7bd0?fccid=450d65cb60f6284f&vjs=3
Business Analyst,https://in.indeed.com/applystart?jk=2cf0fb568b470c24&from=vj&pos=bottom&mvj=0&spon=1&adid=409715229&ad=-6NYlbfkN0DPFA3fEy8zyoWGP2GDYpylTxQh8bnMK73s-MPGwnIDifanQprGvA947di2gWTbfZbMor3v19rTdh76h7qlOXldsAtEproJc5gJXLKxfEpBf9fTdnGWdw5eKuAFLE0RAuM_nXxclOc8Y2waBaHtmBg1qBIhv3T8Uo3i-FknbLB3XLI7T4xkXwUnNxwYv2NoftbGQINubypx9_ErFRP9bn0hi1pezn9fSNK9ujhsc5hJp_has2cNoWWXukGXJ85sEDYq42oGS3JbMYmycrt8TOyqoaDYswhU5uO2-sFSlhWlYjIP-rjSAckE77IF3JqfJt2rm_W6yAXjo3JMCQ1IyU-C_QeOmAbuG6eMJz7mprTHj1XAKD55_XWlVLKKxtKA3IHKItd-x9mb3d373ZmM1cv23ERcnIBd9f8%3D&xkcb=SoBv-_M3QCRNRjSFoJ0LbzkdCdPP&sjdu=kzTC_UFJDReEOY3uw8EYUdG8e5yfMqnsKIIJmV-wY8OmY7Hy_yn3oOCmxhFlnIyr_pRohiv3KYZWDCEkPIW91dwH7ncK6-hB35VmKtQ1wPc&vjfrom=web&astse=00a4f5351197e2ed&assa=7235
Business Analyst,https://in.indeed.com/applystart?jk=afdf82d1e4827e77&from=vj&pos=bottom&mvj=0&spon=1&adid=363381824&ad=-6NYlbfkN0D1HrGvM3IO11DU-hdc4u4iftvEi0SlREeNwZASq2ihTw1OyUwQHweFIa0sakataLslQ0jAgaOXer0FiK8Da-VFvL8IRicdNnasfErZvh8dbQBbytsuEzUm5qHucYQFj1E_Q40rEz3CJHkrDDtYJgKykpZQ-WyxkfnnWCTxgpf8oTaSxNLB5uZAr68rrE5qg9HzWvms0gVblI7xs-GTuQvdH2PbCBFnwYrs76wNNhHSYRoKUl7jAbZRNKn-9OqHlbfVAAl7SatjQSGSHi_bwGWJZb2VKszftu_UgwrPajdWfQAT5YsG9B58wbKyu0MJQ03Uz2DVEb7sWBeC_Xesok7NA01LWU8Vu-WzZ4RGp5-dPkh2AEZ343b_pPRul2FkR72_WzZzkjQOG7_w8rZDSrMj3hAMFrUaiYFWpqGMx2oRnA%3D%3D&xkcb=SoDb-_M3QCRNRjSFoJ0KbzkdCdPP&sjdu=ivvJvdUsCmHVbC8vzJb4JzfU8AMDS_rhT6MSBqe61bW-8Pp0EN6KJfTo3fk-zYm8tbwMSHXmUsqCYl97-M6sehR-rLj_o_xm_I4WSOXbDH-uzuXvXKEao8SD0k6tNtHdEUcormCS_eTgm_a_RHxP0wWcaGwKFdzQXqcDQ0U-fOY&vjfrom=serp&astse=bf09786d02688ef3&assa=9473
Business Analyst,https://in.indeed.com/applystart?jk=46773eb2517059fd&from=vj&pos=bottom&mvj=0&spon=1&adid=407925644&ad=-6NYlbfkN0BqVIvWA-SAENWqLcJFKHZI34-yQ2lcdz38Y_EiDQSacUt2sR4pe1wzqdemlnrJGDyS0uEnTEzpL6KJi5QkNVLcxIliDt74mC28Ft4q1s0EobtNTVNgJ_2pyDOVGGvQBQG3MDPf7t6XZ_VgRvCkarvUrOTceG4fqGXumt8XT_mVwQzOqEWoJwRLykM4RfKmpr7W4iJQBsAjil28J-rFxETeu3iYha2qwmA45Pt0ZrTjHFDmlMGBRiGiSD4kK8CTROn8ILa63VhNInCX6gSLxMC_N5xMRN3zuoYlqwMFyuV1GV1ZOnkD95oLdId5nkUCgtv-pEl1fSRjZ5h4s8EUOdR4_mMWmUvpKdFFT_UaYJwHzqm5FntBXxmB-qYt8AWOv0Fua7Fz5lEYPT-ZgPAkek483mz9YjiXxEQXhGxiecrTAK01BsO7Obc7WDRCDy811IQ%3D&xkcb=SoBG-_M3QCRNRjSFoJ0JbzkdCdPP&sjdu=si20_Mo5lE1ZAIZ6Pw7Cnw_-v6MrFVOzrTCAoV_5Hlzc4S1ycc3YzGq4MII_Vuqr5cEJ-j4Qx_Wj3X7Sx-bXm7b-Z3fD2k9GmW-ckatyN7Y&vjfrom=web&astse=f77a0a0955a02999&assa=1078
Business Analyst,https://in.indeed.com/applystart?jk=8be79fa5732583ce&from=vj&pos=bottom&mvj=0&spon=0&sjdu=BQ1fOKU6SMjz57AxXCzG64DDplm6SwWjHcxyoDIphKmS-lRIPCAKzn8cP98XmaYwkN0wkll9wDHc3mnStM4Hmg&vjfrom=serp&astse=1191857c47193bba&assa=2607
Business Analyst,https://in.indeed.com/company/TBR-Tradings-Pvt-Ltd/jobs/Business-Analyst-00f506b6d24fbf92?fccid=d45694884f337223&vjs=3
Business Analyst,https://in.indeed.com/applystart?jk=50179f9d6eb652da&from=vj&pos=bottom&mvj=0&spon=0&sjdu=3TN8SbJUpSysV7USb2Vq_6njlORvskFeh2Z5ciXaIgE-wXLregh6AnHa5g5uZh9Q&vjfrom=serp&astse=577080ca07d7930b&assa=8226
Business Analyst,https://in.indeed.com/applystart?jk=39854bdb3b440e43&from=vj&pos=bottom&mvj=0&spon=1&adid=409715663&ad=-6NYlbfkN0DaDeacnyAcjR_xPF4_AGi9kgHcHfBbAiGbTrdK88lQNTyJZipjE23uyzOLYrsKjxKWit6ZCOh9RBdJqu0uEVI5X6X9ADqLCMZ73P9bjd0Erk9wcQUJ88R02JdWb4dnMtZXFF1sE1RRkBb_VWvgc5r2pduT8-XSdpPXyhiz9LhAooZdBKnHiETJGq_pmy56dcGQJjm3IC0LCZOmtH52L_wFcuo1krCPbVcb60h0TMaRloJ-eZwoCjkpsSSSr1400JrR_g4kxa-UFbCeSDyjNa_qL0lF6JrtmntLygHxkCnrf4fs0RBlKrQk1nuOD--KfNqgeRih8xXLH6nfsKQ_Fj1JHdtP66uUplM8Di0XkA8r28-neRCpEirqTN3jwp_RNpldAySecgTLM_t4aixfLdFonVNFThcD9-x5Rw1WJp3MAg%3D%3D&xkcb=SoAq-_M3QCRNRjyFoJ0LbzkdCdPP&sjdu=0ipEIVQYM6hmuEz2goSgVWsUd8bIWXfVvGa9fk88uIf-4aNUfiTyoy3dDmzjip2gBlD20axrJGklvhZc1bc0KtNbaxbtp0juN3OKdZmEXUvgx0Q1GLZTWckl0dfMtmam3B9UgXXq_sk89LQPKAsXEe8VL_6CKQXOIGzqrZJINIGpYe8CC96dop8auZiJmNcJLm-9JMA0GwnmPnBvk6fivsQ21juawl9fjy5i_7MeZDqGaaaIsrIaRGnm7PFUI4OLzU_MRZbUP8atdW0Bq2HS6HfA96JrrWfyEcBmt-yRlEFY0R14Sps3cIWm4xlBNfmbVAUiP-pLrN613Cmrn-q0AJjgCpR52UNL7cdSqc8nySNpU8CeBnNUxSw8wCEGFonqMCGl9CQ81P8s6uNEqFKljbBo1qpeolk5LIonhIFitTP15Y4lkfM-T9U0J8em7NIP&vjfrom=serp&astse=b976b0dd1987f3e6&assa=224
Civil Engineer,https://in.indeed.com/pagead/clk?mo=r&ad=-6NYlbfkN0ABzcqjQTIstKzm0foQmdu2PWiEhQ1LSx3RrqksJf6-WiVD-cwOtEpGux7I2RFqAAat9cmqmpbBk_s3eGCXGwmWh_rKwKZfXCwAK_qN6OxwPRdecnry6YIgAlTBOFceOQ_G-GK-WplCVhV50t1sOlbt4IE_HY7-Vb7XUVv2Y2GmyD-tIPiHU3BKLI4sC9dO7k-w2yrZxQPKc2c6JfBl7qKnoI8XHzxKSHkLh7dcbOIBdwQvJbIJwqJqGglMwmRcrLOVqaB_db_7CbqeReDoeSZNbZ9tKxhVcR2s92DG5T7GXIyfjERIqxdCpgbXVmulpIgA4CaHM8uPn-dpRuWyh37xwpwYgijG14EFvknL8WBokf-FsztvgKyVeBMO_8YoqkF-jjuVs7e19HFR-KZrCC5lKCqtzfk6CWp97o9r5lEim87d8_YLoBPi6HKBmboxPnnOMJgkn55g2BdydcAIL671SyGHJsk6HKs6HK9t7MxhJRyuR9SWmh-6mcyqdopOqxJ60kRQvRPXbktsHbqoKFOkVIAq6JoIyAoTaPSza_eczQ==&xkcb=SoCf-_M3QCRKq5gH_L0JbzkdCdPP&p=0&fvj=1&vjs=3
Civil Engineer,https://in.indeed.com/pagead/clk?mo=r&ad=-6NYlbfkN0CiPvrq-NLok-gcbzj3QZXXLLV-eeMcZxc7JuULNxHglh246is2gxaAun_yQupLIXXDuyz6mV19QbAZR1VxgYE0WJjVaIsn5s2xP1INdlT701hTpBEcMN08EdLGMPM9oXzGj00RGSoc7cLNnqQUNBNQFvlP2c8LTeVTo2eKiTvO81dUmsmnynVGEkwX94RfZmrRMf4K2HEeXTcCupmPv5tXsfcv7XbSWaFuQfZn6tw9gJMV-pr16LrenyY91JSA9dnwPV_e5fhV6qMDG3D_z0ylhulw_mYSpvQizjkvNLNu4U94KDKimZrenXDUDQMaJBqqQ7utTBpbzg4ct-bMeDi0Jtvc1w_Uou5ucbjGicr3xi50zMtFMnQEIkdWXo4mjQYr5ZQpjQS9jW2uh6T8KEyUxWOSLilOWYH9tjpNtBBByp7MtD5RnaazmCXNr_YqAo37HG9TY90x6h0GxlsrPRD-75UE506F_Z7zADpu4jFtJvoOAauuyR6OeyyRHzAuYXRdn-OjELIrPqUOYgZIX-TA&xkcb=SoA4-_M3QCRKq4AH_L0LbzkdCdPP&p=1&fvj=1&vjs=3
Civil Engineer,https://in.indeed.com/pagead/clk?mo=r&ad=-6NYlbfkN0AE5cbvr6decXvXn-pv0rXAqqGP8q0HaE4Sa2_zvuBDhyYKl7iH0kFEIKnJBnjPAX2MYMlzphVxEAHhX0V10wl8p3RozRNp73yH80N6fkSZU9qWMunAXaTDt-igQ7xb_aUYOjxXQrllSBWAXxdcpWLYgP4mlaS7hFD7p59OTmZTVgiDITtWZDVX8pnGJbJtEOeRfX0jgjsWUPpO7I9gfXfPwtTT0s-C0FPBXxKrR3EWzbSDIltx0ip9Pog4hoRxRdogw4emM18naqaSgcwod-ciyIZO5oA9RpMarV95kKALSMgb_UmfudAIRjicvVmBB9_kc0ERzIzGG__NnO3BlPUiJXYjZKLMfca1ZD4XFoYue0Qyirec7vErX5_1VWAl2QzVp8RKIyZSLtf23B-j7lSVbxriOedNJ2QviZLKvIlPA38lRaXZXbdotXLaJV35RU-ozukpqpAX9AGE0BHtMe4vRKgS_iil7efxFxYA5qmZin7L262lguKmE_y6o6GaNl6bn8pxoSlvwPxEY20akFAc&xkcb=SoCM-_M3QCRKq4AH_L0KbzkdCdPP&p=2&fvj=1&vjs=3
Civil Engineer,https://in.indeed.com/applystart?jk=a87d35512a56f529&from=vj&pos=bottom&mvj=0&spon=0&sjdu=BQ1fOKU6SMjz57AxXCzG64DDplm6SwWjHcxyoDIphKlBCpRIMjig2l9wsgKebEzPkN0wkll9wDHc3mnStM4Hmg&vjfrom=serp&astse=5cbb6b6fde6416dd&assa=5964
Civil Engineer,https://in.indeed.com/company/EKTA-CONTECH-PVT-LTD/jobs/Civil-Engineer-8395788b9c7aaece?fccid=63fc1386a86bf1e4&vjs=3
Civil Engineer,https://in.indeed.com/applystart?jk=8af9fabdda24a235&from=vj&pos=bottom&mvj=0&spon=0&sjdu=BQ1fOKU6SMjz57AxXCzG64DDplm6SwWjHcxyoDIphKlBuYSWxLIZEqd5y5JxPdW_kN0wkll9wDHc3mnStM4Hmg&vjfrom=serp&astse=fdc45e4c55e5dafa&assa=9204
Civil Engineer,https://in.indeed.com/company/AEE-Structures/jobs/Mechanical-Designer-dd161ca8b09957ec?fccid=134e25c678328555&vjs=3
Data Science,https://in.indeed.com/applystart?jk=c421cc412363bac6&from=vj&pos=bottom&mvj=0&spon=1&adid=405392129&ad=-6NYlbfkN0CplfP0fMVa5Zi0Q9eSrBV9a-RPkMJuy4ofFjWE5uZQESSoP_bo_TUdmZHHUshw9SEKnq6cZXCHUMHq-Y3fADNE3DrsBp877i2CLOmTaSoeOL0oJX6DKZDChsCbEE-2iVXBR3T9DArkzaI0ldlUK7hyREM3BpfwEoRG8KjNiZHgEQKsyBZpoiE6FqAEv_NqXRg8TBaPOEMSjVZRA1GzxatX-YxjzdMHqxwI4epbDOrAtGnHXlRFSMNV0Rz3pEg6tO7V4LtgNH25ZOMnMigE25-5a94BsIy3V3GeAG70hw0Hw9csOqjrGi_vbualO0WvNzsLudkco3NUb4UlScMy9j__eXnnI8SM6mi4oE-KlCJx0U6dDoncoPA01PUqmnTkZVDVEQlWfRaTejympavdmgmQz7xVQMV8PGY%3D&xkcb=SoAT-_M3QCRII9QHhZ0LbzkdCdPP&sjdu=QWF4TUFyrHvH7u082A4fax1uAB466fHB3kghjkkEFvY&vjfrom=serp&astse=05ad6a00bace37f2&assa=2354
Data Science,https://in.indeed.com/applystart?jk=f91cbe4f63b01640&from=vj&pos=bottom&mvj=0&spon=1&adid=407840929&ad=-6NYlbfkN0DPts0BZf5RUYLDzn3w3ZnJ6tvKFkWy9R8DmKHR3APzNcd0ip4Dvvec9y0ZCWRjgI5vac6ygy9Jyqv6kuEcw05-xlC-7UI95C98BN07b-VcCHZz06fZSrHfBi07eILUjwcwk6L3N7CisAMDMnn8Q7DmE2PIwPzqpFb2yO1BHL9uLEveu-ptv3sS0P9thC09BPYxtSeRUI-op2VMPM6zKt1TpGsWvKpl_Sk5c_Gy2CmIS5a_9pO2f5pon7X__DYswtE4awHnsKPS3s8WEtpB1pw3iPMuzmpTrdlFv5-7Ov53a8UU28S0FEJmc2Ofao8Zkqup8tSK_cRLwj8KuSX_T4AyqJO5KO6hX64xXy1gxSSRyQ6jTlqlEp74NUdUPeBsl6gXcf3vn1IbJmH-LCcvThza&xkcb=SoCn-_M3QCRII9QHhZ0KbzkdCdPP&sjdu=i6xVERweJM_pVUvgf-MzuXEmTX_rlOCHKgD6sn2Zo6l-hjd4a-xRsxlJyygVC7HQk8HYDZPIF6HjxxYTz8gDXw&vjfrom=serp&astse=c5c0298e1feda931&assa=4184
Data Science,https://in.indeed.com/applystart?jk=3aaf8e9fe2c10517&from=vj&pos=bottom&mvj=0&spon=1&adid=395352563&ad=-6NYlbfkN0DIXU_djF9v0NrX_xbLRwj6RWFeuMEgTY6VvwKgvleOVEMH6N8XB8ugTc3UeC9e-vJaVplRS1hH3a3JZcpF2uokIq1riCJRQjfnwyWCvLYEgUfAgV9zRzaH3yBNQqXhLjQcw2Wn27D_Dxs-mOAhZd0cwH8XBfCWabf3fPN9iXU2NSCRXcU7WgxFgeeVNREpsOvVloEsKTOKF014QUJp1FFmMER4ggOYFWjVxpF7bu2YJTOkw0EXosgbuO0nz_-rFL-eOaz5rD9xuMUPu6huiQCsI-AemBgy9hAPFx7IsbdL2qO1JFVdqt1WXfLcigOGtEhnKbClP30klZ-2Uwwj0NW4gfA_9Mcv8IZzRTfNQjw8C4wCk9i3uxEZY_rrM8oFEnE99dNqd5wfU4FE_No8sym5tLi6TlSv-GJ-KqUDcr9S8g%3D%3D&xkcb=SoBW-_M3QCRII9wHhZ0LbzkdCdPP&sjdu=AplRbyslYqFAqejPydiNj6GGCECFsfaGgUt_p9tqkgI5sXtRemJSB4wXcm5Ailyjju0HGlMVhR0p6QvMnZWN5g57Y1xtmDEtBbvlNCKEVHY_GhXSpe3nqPViser9ErHQqfQa_yDAah1aKiYG1xT6Sfs9kKM5BlLhBWFUSd2gA7w&vjfrom=serp&astse=c4eb3c8222fb1c63&assa=6148
Data Science,https://in.indeed.com/pagead/clk?mo=r&ad=-6NYlbfkN0BEXtrdsBJE6k79aB4pHwjfwp4AXbpE3dZKQdBHEQKndTzce3bFuTUOYJek5xPaq08MZXc7Kf1W-Hl4A_SflrVhZZP3mc5GunYNAajENJGakAvwfGjuXvcJy-vUHowj9lMj5oN6dtesxJXvfARjbzke2LW891cxw9z9ZgPXkcG6YrIK_VeH0h_DHxyrgdl4G8mRSAx6ZnzgHFRy2LphfFL7-Be13R1JSq_aOfaP9oJV88FqMfnJkldpoxrzmFljuv_qmyHV8hALUY2bWoyznyby0v9YJ0l73-XmukYj1Urgzem2xl3S0_5iXtIkBEPlkUoZNr373IWD5hgRD-dkX37aXt-E-K5E_4F1q4w9OpM4whVN64SExDlOyyUa2MxXlHkyvyxgjtKbaps6zWDOKI_g2G8rDa5pzLJtml0H3slQLU6QnxKK7_89XAw5FZg10hPRQ-OjSl5U-LoHWSe24bh6bdmMjO0bkItEmqpj-9NF-JOBkDnJITNcWIOVexpVT21F8EGcGB9GVeP3UmHQlxb5&xkcb=SoDi-_M3QCRII9wHhZ0KbzkdCdPP&p=3&fvj=1&vjs=3
Data Science,https://in.indeed.com/pagead/clk?mo=r&ad=-6NYlbfkN0AFBkbdzJB0XriEqBr85eM1YszeYmvqY5p3ViZsbgWnbb-x96T_Psbs6_wVHfh4s2Td6tUcJ13t6-ZFibqfa9hvQzww1KWvvE-4GVJzCS6oVIbwLZuLl6jMO_TBBVKW9eFvOMTnz9M8an0uA5zO7eE_5wJvTJCVpZ4o3EEu7zwK2mPQ5Lh95yP99DEa4G9uKlBSXT5nVN5SF0bxmpUpyPwWDv3402fZxgGJuGcg1kl1j0ZOjup5dFSqtPJ-tamW81StI6F-p8BlZi5bw3meqxixkziJxHYVgthS5k282xZuQtl-QpFPOAZnS54lVeQ2bANBJUzy68dA4zXIJXZvAI_FpMOgJ26Uyp6GzFq7Vkl8m42Q7dQAdQW__IfCD6j81Fm4huyqeJCdrSngH2f0IEJeytMM_mxejOTiEqKum7bNkwHjCLl0bhuefkQt59vr5vOLvsyH18r4M7iytMehmPCkxNC6GUMGvzL1YM99Mn1OB5moU4hXobgHmryHT8APjFbNgdkZjmDX7Q==&xkcb=SoB_-_M3QCRII9wHhZ0JbzkdCdPP&p=4&fvj=1&vjs=3
Data Science,https://in.indeed.com/pagead/clk?mo=r&ad=-6NYlbfkN0D5mXFGwCT9lo97i3gsfTR9iTAPBTm16RjVfbVH6M8QHHWZXGq8N5ykkgKTPmGEg8BqoAemWtY28tl0c7jJaPIfmtZHxkt-L-ee6dMdUFGtw11O75xuG-IwCbYpAPdD56Ah03v7XPG5ADDZVMifcEZkLbaaDHfuH73okq28IkXmYstgp8eg4Q9l-VlTUnm-KeP8CbVrY8BOXwxx-YAu-0DmmrFJbt2B3jeYbz3rCqp7wVAIVbOoW_rSmbLuhg7RnB7g-8peNXGBdES7H4m_RSvsPZaPoa0eLB5QvQ16bQ5IYAC45UoScb4Hp53w0Jm0g5cFJ20_Vc9hgwfouK3D7bVE7qptfqD01PxmT5UL1yca2exGnDa_WEoiLhY6WMwY4BmzmA7ORUw8FaZ_4aTQ9s0rf0JVqg-iiqoAVs0KeeUt4gO9jjt6OggD2igVmHfWOEXg_31aX6QgQASzVEpSTp5s09RyYnZWRzfhR67RGyXxHeSbkutuyXd-3yBE6uzMmit11mwnkX2VLkKHUwlROuKEp2eg01xuSgwFxO5V9j6jLRt0q_xI0awhCuMWeoRGb0GimtzpQbK2bBqDT8ZsV4Nv8J5CKOcwvj_4IcaZAi04W8hO03CGsQcXYYa7kqcp_E0cZyW2sS795Q==&xkcb=SoDL-_M3QCRII9wHhZ0IbzkdCdPP&p=5&fvj=0&vjs=3
Data Science,https://in.indeed.com/applystart?jk=87a38e048bc40e5e&from=vj&pos=bottom&mvj=0&spon=0&sjdu=BQ1fOKU6SMjz57AxXCzG64DDplm6SwWjHcxyoDIphKljLDMzdPNjJiT2h0k2_3MBkN0wkll9wDHc3mnStM4Hmg&vjfrom=serp&astse=ee436ec1baa4f6d2&assa=5039
Database,https://in.indeed.com/pagead/clk?mo=r&ad=-6NYlbfkN0BTT1lo8Jwdy_hu5PBsWOg-OgEs4ry3bvHurgSPaoaOHOLZU8cN4twXPNfCPtW8cNFJPtDtZelkJYcesUQ9x6aqchR5rZyaUW3SdcPJV-SDfb6P1CRa4mjeUrHkUAgsFDuz4y9WFSE5nOI9ueEWBOyQmpMs4xxxEi5FGRxp5OYqoFrDqU6PQ2sUj66RwNqrrIqQezPMh5VPIP3MNcccEbltz2wW9Qs3D0OvJzUBJrquyxjACp9NfsqIv0RkypYTZuovcgJw5pDt11wJTjPbAVs_jNv3IuLhaZ3ypSiNr9iQKixHP9hF-cwOYyehWXfJktE_FlvRzoXEVFRb1RmRTxpq4zzNK6Ck6ri5U7IKIzlaFwGzBDmnVLyxaHm8P-qo-Xux6FVYSCyQX7JLvz-bLK_P5rH5H8_glFgpzdzWw1pGR2QrGvCcrik4EnxMZWT2gPS8TpOHuXt1hJOVUkAi5ySyLCi9YAWe-OCeZTjyhLSaobzYCGUCIs5qJ7MRA39EA6Tne7n6RB0MtQ==&xkcb=SoCF-_M3QCRFPVyFoJ0LbzkdCdPP&p=0&fvj=1&vjs=3
Database,https://in.indeed.com/pagead/clk?mo=r&ad=-6NYlbfkN0DfsCiTW1a5A25yJSvifo2CnpPFPof-fSFDTma1PoK-pkaumLJuJcxWBXnATeqmPfofS6WgO7J_7Y6ZGRY_-EG6pzCZm43UesrS2TPynYLmAx-zDX5r4eZHQ7Sh9kQQoQAyuklCffT70NU858vHqzxqTj8l2X7UTwfQ5mf2dNcUICF7qvoL9q42uXcNMjiEwU0yBoDlcS8KAM3lSg8cByHdE73lf8xgfzqGJKQdGRSu9SJpfM5xzomQidvAN5NNxUZiNsHPPWDUdqAfWubK8fR7cV2dCaHohkpsP8I4kS2sp8-MrYNtfGpwArDzNPwwZZ8Ng3-TFL4DSzrmmcw1Q-90WSAyD1jQBI2IIR_unq8DgYT5d55MTyRLx3azmKc9yu0yy_NfVVfkyJO6n2XRE6KiFQzsNMrp92NE__JEQNWVnOWTZpecne46cLOPDpqyWPnwG4f7vIxZ-5X7ozY_PNSTwlr_I69TCwlre2YnEeWIcBN4GQtj2G14aDZMqMMKDO9piCbbRMPFOR6YCfW2278_-nhm6Yqbgr0=&xkcb=SoAx-_M3QCRFPVyFoJ0KbzkdCdPP&p=1&fvj=1&vjs=3
Database,https://in.indeed.com/pagead/clk?mo=r&ad=-6NYlbfkN0CygO5uHFVYY4ZMFqG9FtjFXTA5i3Fft4Ldm6hsxZPmOFX8iQqjqcnHP4g_Iep0zsmNRY6C0wqwnahipjL9-vf4fntAKO9b_VbaQIPayPAey3_MgwJNyC4lbZ5M1vGZsuq-VvgDo_FcD0m06Hb5018rfw2vN3LCtEzcSjme_yFIPnFpivaf4tmwzasUxUS-jqIEsH600PE_Yf_WR9PBfosqU4xXA57TJI_zqGG920QL7AUM6FHJjvEE65wKRseaqNXFhiTr4ltbwafmTHjwlmdsFKBKHmeyJ37xKv5YJdT7qgdKxVrRin916Tf-zmNZ8hUonmCPc3TsKAos6WkPk-0WsQcavqqet43gSLPvfLbdT_IiLTf5ZWcBakEL4McKhvlm-9VmuBnf-pUUIjZXvkXePwjejOj-ZcmJjdmdo-p7-N25q8Z6djEfkBuH18Igu_l8iacg-dHXE7e4Ra_3Eh1E3P_1rcUX_Jzg6HjspuhOehOglCWpbwYx_xFTfkCCKPU=&xkcb=SoAL-_M3QCRFPUSFoJ0LbzkdCdPP&p=2&fvj=1&vjs=3
Database,https://in.indeed.com/pagead/clk?mo=r&ad=-6NYlbfkN0A9wbaU56get2cajr6JAXuY3dw3OqVEJKT6K7onw8TXylIo8kAXIRAzSJWbBXy9VzngmVt6u9dZvG-rSX0AJ17AUe-eb1VbXF_Mq8NZz8s8oj_udsK_a0Zg7p1g_JQq_y7-6NBt985tjJD7Ioc7Apbqk4LuQ5adQXO05XyMSKkNkkmVEybhmR3PVcg8jqCePOCYJwHoPV0kDZHgTSXMaIe2ezIly3d9hc3q_SK8bIa6KPsPPtK_9cCRSaYHCOUfjWLkWSaHvO_mi7EJK6imKb5-JPBan8dv3DxcwIpvT74E0f9zjBbVDyQ4vLjfFjotCt0sc9gJqWjY0fc37_e9Vns_QjM8Mjthq_UmadaImXfpgs1GvM6OLLMujeKH_dOnW4lCZrj0iYcpRW5Mm-jqwxHa5SPENrHLFRPByFbYQlimuBhJA7iUthNLho0QxL1nAg4JApepQhxWuVeK9DRA3KVkBZYL2auEreD0zy7CfXw_Jdcz27nKC3AjUOt0XyTabP1LocOBy_Qj9A==&xkcb=SoC_-_M3QCRFPUSFoJ0KbzkdCdPP&p=3&fvj=1&vjs=3
Database,https://in.indeed.com/pagead/clk?mo=r&ad=-6NYlbfkN0BUBCu0Q30dX4rS7y4qBxg3qhk-uxzrJL6LfgWeZzoKhqCILm2DnIHIDOGwdIGbE7iS-CfHSktwE0qulOqSckFyfrpAQ2mbFlAGD5h2t-PHHkZ3pD2GY1TEs5owGuboRCjcdBcTtsYsDkQtqFbte8sTcY0OnFgv4cYNcTHPnveXnLzFHjmLR984hjzgtWt90khstEHhY2fy9lSYsPzQ9Rno-5-Pfy0qBU2OePLZQ7XYDsEcyh95XQh8ZWNzdG4SJJcgvr3Zc2zbk0P3zJbuxnJxJyW1ZdZrrqVhStGDR9n8ihAyYgnoNh8aVv_qHqxaEkHOYx6lDoAMc6pHfKvdldbt6wJjd5wi2VYYNg_3T0oi0diF0UdjP_H-WFRULW3ebdOGHRBwsFBwh62X3cCWGt9oc7uJQ9E7zNIUCvQYk1UyZ2CFSjkQyEm-A2e88q4-wB59NI5oV6SSP6ZliUE6EFiqlmTwVGNjQjtzhtdF3mXuTeci5MYjcHjrIX1bcFbwW6w=&xkcb=SoAi-_M3QCRFPUSFoJ0JbzkdCdPP&p=4&fvj=1&vjs=3
Database,https://in.indeed.com/pagead/clk?mo=r&ad=-6NYlbfkN0CtbsMjfbI5PhEDyD1Kzj-0mqy4hX2HxZJkZbrHYUKmkBKC22UITBnbPqxOPMBvXOf-JFi8rTb_UcWKlRhtuXZxABKR6yBVGijKpkFFCNvHcKMMalU6S1q-lrhvNiecABYgW3iwrpC2-YOerAGQGmJkrqrhh2rDw6sSYmfbg_H7uJ3-XtcNwc0BvNBABihMcQovt0-H-zuEXxbJR_7Vt-opVInoyD2qpG57ehP0EZYHZvIhjnsMY4kHyPYvKln-5hadj6Un855lRZi0eoDttZXZxphRANulPBfQJTFdhOu5h5lOuRrPy_kSzRf6yoGB6hT2LIwg2vHNvh5IaqHwEzzzM2f53HyDnWz5HCHd6N4AUIG0-d_Sw8gJwB7P-1j0WwSPI7a-nEFxB4dGClG6fXCDhzgGCBc9omYtMIyqFWLvYUcX0ZwoDL6kEJxOVGSKsrj2QQOCYNz8BwuY7oBHat2p_GXwVvluE8O9kCGTJ9LnwZbEsQg5Oqa5J5o2Pgj044o=&xkcb=SoCW-_M3QCRFPUSFoJ0IbzkdCdPP&p=5&fvj=1&vjs=3
Database,https://in.indeed.com/pagead/clk?mo=r&ad=-6NYlbfkN0CZZ4mrzgQyNf6Aqk6mgZFzevfRNlBgtHBlZwFk_r2vGebdJWNvRSBQIRi3T8J-pa1mKdfSPY-iHVRwBlYlK6FDHPqMf7QBPojdqiCmOsN7J30f2aWiSVhLH7wyaP-EWmIxG68U3qovN39HxL7sCacB4ek6YSpUK87e-d0RGSRGPIDq2jiudYnTyw67i1G5OwrRz0w8p-GP9XMr4MPAJWQsWANzpvy9Zk0gNu2L8BZ6CBVZL6B0i6QnVOpacoPJF-l3uCALIeqym9D52dCo4yBZme308_PxXV3U73d7VytQz7YV6RtjewF6UcWbwh74GuOCm1P70zXhH30NSvmoCimC046ExYuYXYsCCncS7bL8m6ofF9WrCYgiG7Uagw3G0oVfIA4lGEiY9c8-vR9-CEEEWwt7q7AOKekB1dxWmR5N1utueI6TUN0wnrjn4Nko56T29cxnPjRZBicUA_cjRfMHqXCCFixDvmr_MeQmgxbZ69mmXTS8LTD5bGGeaviQqEQIRlhLBMQ00g==&xkcb=SoAY-_M3QCRFPUSFoJ0PbzkdCdPP&p=6&fvj=1&vjs=3
DevOps Engineer,https://in.indeed.com/applystart?jk=86d3b4e1692909e6&from=vj&pos=bottom&mvj=0&spon=1&adid=410486324&ad=-6NYlbfkN0C0E1kVSxZWqg_3rwn6zUnYbszXdTQpf9L-zhTFANv_MEy3-TDTKIO3vOAnPNI9rvsY5xjZ9eEvpkm3hL1Fo6pgsDdJoNLntEF6R_TbG2ReYJtqX_PErso7YuH9jGvbBQHxow2kHnADxCXKCA-_Dqacm5OXeIDNNExhizQYFSKZx42M6yW-IqT4jjzOIYs-uGByexNu7ZgSf-f0SaD2Sk1YRegenuJuWnNZXTImKWJf0wbLl5X8ICdeW-9kKPQzxzo-rA9zB0XrAIvXmNzggUu0wehWojlV4y06JJJH89uVU4kgevhz8gZCidSh9BBVGV1kwz4xoVURF_UWkVzuQwKn1967UQHFmZOuDF8jC0VhKQrQjrhHrvTRKMYPbT5VYejyBv-k5IoZaOAW3jRSMb81_sWBcQDttr4ryOUsuKDWtg%3D%3D&xkcb=SoAL-_M3QCRCSXgH_L0LbzkdCdPP&sjdu=YBhEfo5-1-BCc4JYsYsKDykR8jE2y63mQ4Zxbw6uq5PRkPPEiRpdDM8kilRqAcTU5mw3U5BeWqssvh3LyYiD_XrFGWAXZJpf4vS_K7K8Uig&vjfrom=serp&astse=5271df4eadaefc3c&assa=6874
DevOps Engineer,https://in.indeed.com/applystart?jk=8576da16a6bb4fff&from=vj&pos=bottom&mvj=0&spon=1&adid=408325931&ad=-6NYlbfkN0BRT_J8tESNZROimpc0WyD7EGfhllYDKcBPIyLxids1TTbUejwmjiSgq72YPe5icDkyoRSx1jwTF-bZsObhoqPeK_tiy4GwsFtlXxCW2YM0jDq9YgRKQo_eYzxuY7yxhxbJVvukGcjNM8BrISUK3d-19GQ5les8iQsaadoopyW7I95BisXxtvHIiFdHUsx1S-nryFrlo8DplxSTvwcuYz-X8tz9zOFrumlynGxMoAcBXS1czzU3exwHG6G2umHKp9vsgOtibrrRi8Tcv9QRUwlvASoSmtBiKTzJXAQINuB5aAclApZE7w1ikqX_GIvPM6ch5c1K9mnr9jd0B3Frp2RVv9p9pwQU3yw7Jz37VZpm5309VlinZpIK9uhRjuZFXcThCnu0iQLo-1jxMGzDgAyDsbYQvJxC1lD3ZZEgc0Cvlg%3D%3D&xkcb=SoC_-_M3QCRCSXgH_L0KbzkdCdPP&sjdu=i6xVERweJM_pVUvgf-MzuXEmTX_rlOCHKgD6sn2Zo6kMeCMLXWyMtcAumquVqse9FHkAbwLV-GuL2Dfn_bsTOA&vjfrom=serp&astse=fc5af24547181a49&assa=8553
DevOps Engineer,https://in.indeed.com/company/Avantao-Technologies-pvt-ltd/jobs/Development-Operations-Engineer-7dab9ce898e70425?fccid=9c8658aeadab5e3b&vjs=3
DevOps Engineer,https://in.indeed.com/company/Primejob-services/jobs/Development-Operations-Engineer-d52f128e4cc37cab?fccid=5082fc64106b7d03&vjs=3
DevOps Engineer,https://in.indeed.com/company/KVORAGE.IN/jobs/Development-Operations-Engineer-20a47094b113fffa?fccid=b17982ad25802dd5&vjs=3
DevOps Engineer,https://in.indeed.com/applystart?jk=08feb1a271c54bef&from=vj&pos=bottom&mvj=0&spon=0&sjdu=BQ1fOKU6SMjz57AxXCzG64DDplm6SwWjHcxyoDIphKkwS231KPKpaS3tZCc-7hO2kN0wkll9wDHc3mnStM4Hmg&vjfrom=serp&astse=432c8d6b46193cd6&assa=7337
DevOps Engineer,https://in.indeed.com/company/Nomoex-Technology-Private-Limited/jobs/Development-Operations-Engineer-43ad2d8271b30ce1?fccid=4ced333594941a7f&vjs=3
DotNet Developer,https://in.indeed.com/applystart?jk=67b56ad38e639f45&from=vj&pos=bottom&mvj=0&spon=1&adid=395352563&ad=-6NYlbfkN0DIXU_djF9v0NrX_xbLRwj6RWFeuMEgTY6VvwKgvleOVEMH6N8XB8ugTc3UeC9e-vJpmvLLLVW-KCp3kJqCzAE6UGQrdXJ1PSEY76eVwSFETPZdvUuflztfEEtZUqD1Izl_l7rH40omQ2YibI5bpaIRhjCVeFh5BAjItWSd2w0rK3l2axUMbJC-WM60G9PVU_PlIt3vNjFsQmW0ObXC8VHuCXS7sLmn4HMn8Scw6alSfvAuDV0XXpXi0g8OFeAlhaiu5llBhHBrVCEakP-wMica-Nvq_75qUPJDUzhssb1EqxmwJGIeFjaJQG8K6hSa28cvebytjlMCe62xez9vt6Cjt5syQ7PQI5doM5wq8p0meW1miUgQ4SzFPx4TFLC7voiKYd_JGwzN3bRIP4lvK58kyXG2QIweT8-jG-idh2lRMg%3D%3D&xkcb=SoBc-_M3QCRf6DwNKZ0LbzkdCdPP&sjdu=AplRbyslYqFAqejPydiNj6GGCECFsfaGgUt_p9tqkgI5sXtRemJSB4wXcm5AilyjzvVx3u5MJLmbF6QKVeI5pK5MtAPcPZXdXC4tIKEiEVNI4FNH7citkIbnr2bJCRKCIWdsE3bIl22uvoepKd5R4aPqQA1LV3jhFCCDzCMd938&vjfrom=serp&astse=967471af4c9aad92&assa=3228
DotNet Developer,https://in.indeed.com/company/Voxtron-Solutions/jobs/.NET-Developer-8bde89b4f47f7e32?fccid=066b79267712ec73&vjs=3
DotNet Developer,https://in.indeed.com/applystart?jk=a3490fc9720b77ad&from=vj&pos=bottom&mvj=0&spon=0&sjdu=BQ1fOKU6SMjz57AxXCzG64DDplm6SwWjHcxyoDIphKlsHpJmNwxDkFpDpGzlGWG4kN0wkll9wDHc3mnStM4Hmg&vjfrom=serp&astse=e58129ed11181283&assa=7425
DotNet Developer,https://in.indeed.com/applystart?jk=e6a9be885303a7fd&from=vj&pos=bottom&mvj=0&spon=0&sjdu=BQ1fOKU6SMjz57AxXCzG64DDplm6SwWjHcxyoDIphKk2f7P1NPttX4WBLsq7pL8TkN0wkll9wDHc3mnStM4Hmg&vjfrom=serp&astse=afa3cd86fd492502&assa=8653
DotNet Developer,https://in.indeed.com/company/CAPPACALE-FOODS-PRIVATE-LIMITED/jobs/.NET-Developer-16efec3c0f95fa54?fccid=4d1d2959ab6011dc&vjs=3
DotNet Developer,https://in.indeed.com/applystart?jk=223f62af5f8b310b&from=vj&pos=bottom&mvj=0&spon=0&sjdu=BQ1fOKU6SMjz57AxXCzG64DDplm6SwWjHcxyoDIphKmw5vyHHea8H9SPH1EP7ooOkN0wkll9wDHc3mnStM4Hmg&vjfrom=serp&astse=c841bbc0be4dcbdb&assa=1759
DotNet Developer,https://in.indeed.com/company/Aliqan-Technologies/jobs/.NET-Developer-c1cddd753aa03aa9?fccid=0c97edd832cbb73f&vjs=3
ETL Developer,https://in.indeed.com/pagead/clk?mo=r&ad=-6NYlbfkN0BQyPcpZZLW_jDM6cMHqT92u1t4Qr5uOUQyR1qn_cpJgG0_htV7a66Orne15MvOQykFomNovI1x7-DDQRYf8Il_HnX8JgEWpnNGL9UGdgVIjaU6yCO_-UQeCYKVi4pJbG3vUsCnt6yAHewjccE5CZqRu5BwVBdPln0MfBGxSdOce8wztdZxSzhvMTT8_IgJsNQQxwTeYsXlhiJkIy6hWUF7k3xCZg3AWks9bigOBlDWv3UtUpRZ-E_lVXaw_qUhMe5oodn_3ZFN2_Lh_xV5BtnbkhB6GMnR_60CVCi96DLVCxCZh3s07Qt9gxqvC0LKznOvw49YAhoMLh-Mk_QBMch32OD__oeW-m1fElwzWzKkhqRSKob3HwvXdr5wBZi5qRm-kX1_DplH2s7i1-wVY3pvkp7WCqnEvaWe9mtsRULemXm1MpnF5kbwfMWA2vYynUBpAXw4BL5zjfHW47LmWNuAZlGVQvWcXp-jyBd4grNsFeD5VNp7tsFTLAtCGj71bZwX7aFmyK2uJ6mN2jxlMMGB6BDLCywGI-XgShf7DbMtTw==&xkcb=SoDn-_M3QCRcldSnRh0NbzkdCdPP&p=0&fvj=1&vjs=3
ETL Developer,https://in.indeed.com/applystart?jk=d30f50ddc9ec935e&from=vj&pos=bottom&mvj=0&spon=0&sjdu=BQ1fOKU6SMjz57AxXCzG64DDplm6SwWjHcxyoDIphKm0yb8wcZYZo1HIDunmgukzkN0wkll9wDHc3mnStM4Hmg&vjfrom=serp&astse=5809f8205946775c&assa=5293
ETL Developer,https://in.indeed.com/company/Trantor-Software-Pvt.-Ltd/jobs/ETL-Developer-ab57deeb48383cc8?fccid=d4cc6de90cacd97e&vjs=3
ETL Developer,https://in.indeed.com/applystart?jk=76b4ada3076cc37c&from=vj&pos=bottom&mvj=0&spon=0&sjdu=BQ1fOKU6SMjz57AxXCzG64DDplm6SwWjHcxyoDIphKm78NyFEYfVFWCfx0zCt_LzkN0wkll9wDHc3mnStM4Hmg&vjfrom=serp&astse=57ba63f4aa477719&assa=8883
ETL Developer,https://in.indeed.com/applystart?jk=acc9cbd532db1b2e&from=vj&pos=bottom&mvj=0&spon=0&sjdu=BQ1fOKU6SMjz57AxXCzG64DDplm6SwWjHcxyoDIphKnR16tmwsIdFTuR0EYupijikN0wkll9wDHc3mnStM4Hmg&vjfrom=serp&astse=9676bd636ba67009&assa=224
ETL Developer,https://in.indeed.com/rc/clk?jk=9102c09cb6b2f11c&fccid=39ed77e81f2dc5fc&vjs=3
ETL Developer,https://in.indeed.com/applystart?jk=35a0935544c9b980&from=vj&pos=bottom&mvj=0&spon=0&sjdu=BQ1fOKU6SMjz57AxXCzG64DDplm6SwWjHcxyoDIphKmNQKa_v3HlIIfMOAekQOMBkN0wkll9wDHc3mnStM4Hmg&vjfrom=serp&astse=62dedf72de1b8a12&assa=3182
Electrical Engineering,https://in.indeed.com/pagead/clk?mo=r&ad=-6NYlbfkN0CdRCqsf6a4ylemRylrZEwwXoaqT-hV3V64AWcFQKMZXAKSMtpBi_2TVTcTDjoQ0ZkBp6QRPuMqrxMjjScYssCDzFNoMAFIxFWsYnRbz-GItWGGbzCjGhl9Rzbvh3pUwpKPBCcuuqsApA07gwk5gItNa491KoFpcsh4pFYcMgqwUE_mfk6WVQbl9A0UvVjaeBaGJXd624zDVxrGjOIqOoxZrSHkyc06YVi1V48XVhrvohbrtjlDAu4QaF71G_NNnXXRKWZ6dv11QRhGpb-SFnii3QPBMX5rwC6cHtaRYXF21y9a8AUimrX694QFklGGmowQDN3ESgdrH-ZeA2MNMflgPQLC6hmeg6fDHCv0VR4cLcv_CbN5Y-hCFi34ZzD3M7K3czcIiVDD8NgeQZ0vGfUuNOptzB35kkJj_GGhh0NAceXPGyxQ4H4-EYVjVXKrp_ggf_ngXwZfXNfAZq4iOzMjxrlvNH6X_LX3leL7-YqL_Lv4vxrnhiuBSgklOKUbUImeLHdLArgHNM4DrFXSFnSk&xkcb=SoDi-_M3QCRZBIxGmJ0LbzkdCdPP&p=0&fvj=1&vjs=3
Electrical Engineering,https://in.indeed.com/pagead/clk?mo=r&ad=-6NYlbfkN0BP4o2pCVNMd-cWVYUDEprChH7orUkt3sBGJTZnrO2LPywQRkbghg80nU82HGICubmJrXxGKaOHRg8ia65aNVCLTjLbS_kBh8r3jAJt1jyC0KNnDziRNZZSAV98t-D2DVhmts80TWe6AW86tHIph6-DmwOAh4VGi6DOPkoAl6wOnUO4Woxm3beDYn4bIUqy_TU_lMDI2A8g_BctoTPkh8IwdP-Qzvl3Fr3ZD3vPCACTn17-L1Cie76HQxX3ei82icCj3X9wSELGtr6c0Wndi-eabsYHd3-AhTS_mD41jucWM56kZ9Ce9OPxhBkrAUu8w5_TEb-RRMThGF0BvudlLyZC5kIPXHud3YwtMVYMK8of0Z6QzNLdO0mnFYTGKVJfTOhB256aH4FbuJisNxm5T3weU9TpN0JVlwd05EDUY56lIv8Ru0JfBEHcODuPTVqpl65tv3kP_iBhtArcpClJLCDhpoUTU0xR4y0ARf8OkUjMXQT0a-1v-MP4rotgeKQ7AR5mHZpXHd1rYVFhYSWSPknreKfnBgtR5xHRk0Gft2RfDg==&xkcb=SoDL-_M3QCRZBIxGmJ0JbzkdCdPP&p=1&fvj=1&vjs=3
Electrical Engineering,https://in.indeed.com/pagead/clk?mo=r&ad=-6NYlbfkN0DDN4jbT-zl6z39rT_kfp0dJ1TUtdeiXUkoVhmDx0LwnDNJ-CO-Ooa6yaCG_ObWoQRwrmKobdUc88LC9Te9oSYUet3vvI9x-15OvmD6eH01bhwwVeET46Ld9qiunkJxIc7962iM7l7YyGBeAvu_U0alS7dDj40XTnRsprwETer7ZjY_ZSwZnbFHzucQp2Y2xT3DKOah9MRwStKlmhF-BlNK6v-sh0OVrrrh6vH-Ykf4a7G9_WlkchieUdgBcXvcHtlX5KFqSLr6EatMqagLg_slWOYeBsnLsm0WuhJIZJoepU1LOA-dm2cUfyd5zPbZV8uGc9K7iLpOJo11-AhxOGYpynct4ZRDXmkuK7_1UnKke4ayioPs4BeFETH82mgmyHzPfJsOqWen8aHY7bDUmaX0kCjQewtpFaU8tjStP8DyFQUqco-EM70lmKkKQPfGUn8cAtkcvOvFghpC-Yku0MfMZvRIhap1K30SwRNEOoVxBud39XatDDtU4NM9XJjdXFZOQyFeS9J3QoySyafTKtn18-TifMt9L9Y=&xkcb=SoB_-_M3QCRZBIxGmJ0IbzkdCdPP&p=2&fvj=1&vjs=3
Electrical Engineering,https://in.indeed.com/pagead/clk?mo=r&ad=-6NYlbfkN0BY1hyZqIiPZlOqEGdpvarSa06UuN5RRZxAfE86PXi3BxEnEzm_pgU0w29L6BpLZmyQlrXJemjImpAf60ueloBq__DjYSjPZREXnOSeamYoyGfSb4N3VvZx9XzbMLpRy8Wf-38Z_KQT4HgJrweckNUrfzEQpgp4-Dmv95YXjv--SZXxCvpI7rTAYHdKqAOk7hfz3biNpRe8qvMBprHGGx9eistw_cJvtjqCG6eWVrh8srrSKSnWxZBqOHQ6YyhR_022z7u60XI2CGQuFqTJm6irPtNtOF26LRRfRcw65Snb59pXKcdPEJP-Azj0SsIPvMoQthicuaFofvB1kz9TUsvPNlZdgCbjzkYBtO4ntZlsrXh1AwHD2ykLSZrrponDeSjtoHwmfdmzY1clLT3WWMsFrbhgoONcwM7IYc1vwUrGRJ_0QBse2xa-20ZimGAwoNAkPn69ahkjth4IJScKbUxK5kYVe4ByzPwWF_ZShvR5BFMwBTb_luNgEq-Cz8CvvkAi9xS-dJFUCUXOZ9pzPk1W&xkcb=SoAx-_M3QCRZBIxGmJ0CbzkdCdPP&p=3&fvj=1&vjs=3
Electrical Engineering,https://in.indeed.com/pagead/clk?mo=r&ad=-6NYlbfkN0BeBLl7w43V3AFty9mXo7oSrNTSYWcctYfR34aZG-aXze0RhCjmMyIbCvYVTD37x5PY8CDg-w7up0qMeESp27QLXVQzIsvxgWQUa4sw6XkCdzXhDMit_JFYk-m4CjbJHrH3GeuU6uoE9gbMmQDPp-UN4Y6-O5Xs-wErC_rSOAHvnBvseBVzJjMy1QYyRl_mrVRccVIBSJhCkcdDRekwcFop2BzLkdYU0Z2RmznVG1rFfAFaDNXOg6YgsrUL7FdYXOnwM_FetdREX92zCFmggrQJOAjDROp0KWWRRXA36IHbN0T0KyzxFF2nXH8UfnSqZbBKYBNoYxai7zYPoLi0s91i1iqulymVF37VenymOhwDQAJdt3jH9YuhuYFYb7SgO6Yv7SbTWQErSY6NrDlmIjR6FWqg9nwOz_-5mNtKp_RD_00S_o-R08RhS7BVae_DLf30pjA85KmJjWDAONaYqXoiXirzi3VcsEDAkyOOrMdLzGJBPylt4Y_MA4HXNZPAjCoPzTUk9qVQdfi35AYDIDHmOfgMDADWRKs=&xkcb=SoCs-_M3QCRZBIxGmJ0BbzkdCdPP&p=4&fvj=1&vjs=3
Electrical Engineering,https://in.indeed.com/pagead/clk?mo=r&ad=-6NYlbfkN0BP2RfWhwZRRGsLlZG0jG3RH7Ims8OM9IDZP5Ezhi3zpAXwHXUzwTnxkWyIoZNeL-UwSM2wRYJ5hgYjSazHH18uU1a3FmEBz9vgZdNTsZN2EBzYSk7as-OT9k1-iXzMMPLNF1wUmdBgS_RyZTOTX0V8UTdYKI9mF1oCeupIhmw6FnVwatmRwHWZcqWuIMFAu1uI2fruwRmFSpFGRG_WEuNMOqxOuUXSZA6vaRoy6czYmxKSSc-dHkpUO515v5oQsvbjBHaKWRqlJSb5R9srccWy3fuuuiOu3zYEOYiDz8ZgV6RKE4nFUDHfKHq6X_M8kLV35FWItk2GanuXDd9FmOJKWFflgcUl9mA6v6GrmPDSrDkNX6HnNk1MuWcmQ9uga1_di2hhqx-L-oWd6aBv9KdLEUuT1XAARfbRvS23Th4xuGWrH-ElzWXHObCj4nx0kmusauweQGd2G6JtRXInkzpqczkqVSmkxoen-vMcG1sg48OGWjn0dzOcrrC6jPLluu4KSl8b4lAdkY661koT_nA5fPSShMocgK0=&xkcb=SoC7-_M3QCRZBLRGmJ0LbzkdCdPP&p=5&fvj=1&vjs=3
Electrical Engineering,https://in.indeed.com/applystart?jk=5c6a3513b0494452&from=vj&pos=bottom&mvj=0&spon=1&adid=392427563&ad=-6NYlbfkN0D1HrGvM3IO11DU-hdc4u4iftvEi0SlREeNwZASq2ihTyoonItiOagiX-c6TdyWS2GiFBSQJdy99mRQYIUqO9-cMqoDIbTrHzou4SFMlmIIpMgbQ74EVgzMr1nPz2cMCKnWS2u41QgGKCRJVcLK7z8DdX7_p4y5HUTXA5GC7gaQ-bCSueLp8Q7FyLelehUIkgtjkjZ5Fb72Q2Tpnc2DAv8uWF15eE-XA8lbLxesXuXLfOfaCIUAKCiO82pz47EUThTcw08f2Y951BWBWYb3I6HKPfNGmSjVDTYrvWpboL-KDI8KOlULcktJww6dBD40aHH-3l5rg6ov8WBn7BmCDodsDJfDPs5R7iQMJIsg53XkCKd-w6tfpgZDjup0cXtswXRJYZiiW_KSQuX97PRUhOeR8DyD9jbpUukJQbzhgp1rzg%3D%3D&xkcb=SoAP-_M3QCRZBLRGmJ0KbzkdCdPP&sjdu=ivvJvdUsCmHVbC8vzJb4J7l5cabmDHzVK7FrIlF3WArpN1bZtbBlyo_4cEJOn8cCdUH1ZHVDvD5jeFc1bj8F3Vj1i6TH0t8BDuLA_MA0ay7-bxHhaQgEYZMYu0hkf3J3QVmTPjLFeM5Q7rG0k0KZ9j9q5Zr3T_68aeM1LqYtnUM&vjfrom=serp&astse=dca28863d95febf1&assa=1756
HR,https://in.indeed.com/pagead/clk?mo=r&ad=-6NYlbfkN0DidEkV_WCbzMgx8-6rh2kOQh2g8xbkGzd0_UTm2libUK-H65Uf8jyfJtgT7PFWkCsvW8P2X3nkTTrWS0HySBTUrp0ps6yr30fLKDPA8dC1-BAN3RhHz03CVa30DEE894r-YJ1KWlueHHAJRV8pBmDCV_udO3vkLv_Ks2yEwgEAW0B0DFZHNdzHaJoCK-0MOzbCZUqYLf25_YcVZD4aI2y3E48TAMZHYFaICDSqGG40r5TIl8_rNxiZmwfI1Xvgb-SzCnSER3Aavk5gkXjtQNv73h7VaunfQCV-wn_hiS1NebjRithEnGUUG8Q9GlQnWMzvKbu5j1OGn_LZjn78C05a6uotEJkQJpvxrDXeSD1BN3mZWkc4tg0yVg7aNho-bRnr-sNSJfeW9AnueczWTuugo4VIfx6Nw7X-Mw9fUaSE1b874VOvuwQQkS7YqHjodZXK4IVraUcyMGQLtdiV6g5-to9eL_mte84=&xkcb=SoBq-_M3QCRVgBwHhZ0LbzkdCdPP&p=0&fvj=0&vjs=3
HR,https://in.indeed.com/pagead/clk?mo=r&ad=-6NYlbfkN0BCWMeSs15DsQseJ8tPlASFBWjrYIO1l7DEmDPp-C36GqXA27p9JbnXCXMt8Kva6WKg4fB2djNbqBu4_whq_e8glPcJpvNtt2NobUMQG7CUhBWZXKTtaFkD9EKoI7iZy0EZwr_4yap2aGtxtl8BhA9mGoLgbWYltIg8tky5tqGWsZfEjdXDNW7NAV-VOxKkirZgr8NfLAS3SE62-YV_QXqFWJk6ANPbdysFGj4GuUEIemBY-WFy5Z39qKfl2QhhMCVJFov287zxkJdbl8ktd00BKIj0Sr53ZK8mhi_i-7Eo7t2gvSqRe_L9svgpvbcrB5xMhAP19NobDOOBpsktbGp5S9RQoHlsoldkDSeBoEqzI57sJmXDwaRcnt_kE-cWJ5cWaOGPpH_4vKTqBwBVYr9wRmFz5S0_5mnaSm4wmaN9u6cbFYB_owzrwNFirmJx5mJrUwO06v6Tsv8MCv2O8-AhGqQzrABKzzqdGHBLjDqwbH8WCZIpdaJ9&xkcb=SoDk-_M3QCRVgAQHhZ0LbzkdCdPP&p=1&fvj=1&vjs=3
HR,https://in.indeed.com/pagead/clk?mo=r&ad=-6NYlbfkN0CTWiiRrhF72qora1y03pSgJY1avVi74QG3NkhLzGGsOvjX336fqbLUxFhuxSgYJ_Zki9NupHbiAVcb9fbfSP03eIf8P_4snmFmNC19ygQnk49Ggy6pVipqFTfj4NvCy90U2t_yHmFnWqjvpCHbsBYn3ax4hFaB9DtCEORU1iHGP84qUC3Q31AX2qG6VowiCiX7zFaRxMwMSx5qdIqcA35FgBbzGM1NL-Yex0Knn4Q9Q0wj-BL-X6Nn9u9VIaeSp2Uh_9omdX526XdtYVtToVCM4CC4GS8XUMK941zq7qMWJWkoz7C4qMw91BeOwq3Z5jQSlL_NqZJ-4JMVOHh9--6QrH1Zx2MZscp-finYIwfJLt5nZmdB9fW--u763w0GMFs-xfWEwlyLQH_hPFnKBH9mKWzXr2p_GO6o1jRY0ghAxHtKcJixHbC2KUr-yYTOpPco3IiY-Fd8BFlxC_0SjnmbuFfxIthmQH9FkMj-Gu-ay8ctHcveDtXHzn-_HGKsvVaQD349Lf9rdQ==&xkcb=SoBQ-_M3QCRVgAQHhZ0KbzkdCdPP&p=2&fvj=1&vjs=3
HR,https://in.indeed.com/pagead/clk?mo=r&ad=-6NYlbfkN0CTWiiRrhF72qora1y03pSgJY1avVi74QG3NkhLzGGsOrM5IS2GErvghWta2TaKXz2FPolXlX_b6u5lEPCDdJYuyHeQur9lflSLLjtKT14lTNYktCsi1MIysW6nd6QMnSe_NH2qeUCefFl2gJa4PtoHH_j63r3NUhnk0rdNb2oNmj04BuED6B5Quz2QURNWUvG2HyJeNICu1mrP-0uIVdZFcCv9Zt9aagN-exaVDIdw_PX-yAY7jq6ol3dGIFEqfp-7cSRGIbXA76pGXtsVdgYHXaSQzYcBzeJ6SLFfoptCkbgZT2pWxjSQ7HNgZdHW9Dk1omSOwKjuc6U5Pk7yfIZwwntVbkQCZ3d1sdscB1OaeLvPbWTj2T3xWflQM0fJ0SQ095w8ZyLpfNrqPPICIam-gHgatOrGhHmxYSk-NK1haMG1fTY-Y-nyTtop7YTPGHlZ1mOeCPH4FcEK2IyjIBpCa0tOHXcMQJsBOL1WSCD1Aay15Hoz1hqQ&xkcb=SoDN-_M3QCRVgAQHhZ0JbzkdCdPP&p=3&fvj=1&vjs=3
HR,https://in.indeed.com/pagead/clk?mo=r&ad=-6NYlbfkN0Cdjt68p5tdl9bV_eAA4q4p8T918gdd5l6m1d4xt-TBWhw-lEzL09JEntGlYHSzY5qGffoiLqDJLYAEk72YngG2sUsjx2RlE43lvdMv1W0rj_w9ivfqu6gsXXp01wOMagw0PKJQsDqAV8siMhHODD9HMxt3789sk_j2gSZYlekFpV4FDbUX3ByEfSOgS-IUSErGccV3vQy2m1Mm8-YDRY_cjDTireiIOVoE_wI5_5Sh_7CDhcXj63CAOlArSxT44y-46jjWCZ0-KBvON-QD2t9YPC1F5huzrkiYS5VjDS8V0EHOQ48nzc9p8SkMPktipg8VMlZ3FfNEOZayzxa3Ck8LHKcFKiSwJD0Ps6zEytRQNM7Z7bR9QNzSn1xvTzbdftc7WJcwGhAdoXiqvnqGrtL937t96gpLAEVUYgESOJjliDQCE6-_Oi05XarsdXdqsFYt4dLL1_uhofknaxRm0fsHj5NMz0CzhIIQYIvYBMqrFQ==&xkcb=SoB5-_M3QCRVgAQHhZ0IbzkdCdPP&p=4&fvj=1&vjs=3
HR,https://in.indeed.com/pagead/clk?mo=r&ad=-6NYlbfkN0A2jR07lBEeDL0KUt3oCRJFrISUdx700clpLSiys3LZgmviHdkm3-Xa5kMbcRSdFuIofNOb2hQCJFty6Tyz4xXF7kLPJ4eGoJ-clr0NApOqOWjhRoz89Yn3Q0dfunAnxeIXu7fsv4iOr_l930HCKGqMtsCshiVpWLOdU6XNvhVzlCpQI3wgyScClRsFuOVJMKI_gnIXfNkVms5Ec2HdipWWOST9l0yWn3Kgvr8gERQ2TaOyHhdW-hGp3RW3zVEKYOSYxKKjLAdZsp9B0ILsSu5NiypPyZBIfsfIPdB1h8gubWH4d__jYaJDww-mu3B9FNZcej2pubFw6dpvlYCAnmMIEcVY8MBi-yem7NkSggRbvOq244nX7LETNYWYhwFNNEw83uzgND3cIXEfzgYrOoMg0PdEdrbDzpF3YsS2V2MCIvXh4lJGHdrd4brb2A6341OrMiB_9xHdbNeuE8guW99ihq9MgrybFGJ_kXd7qidy7ceo2dLeX6LNUN6CbWnNlIK_i6u7GzXNkw==&xkcb=SoCh-_M3QCRVgAwHhZ0LbzkdCdPP&p=5&fvj=1&vjs=3
HR,https://in.indeed.com/pagead/clk?mo=r&ad=-6NYlbfkN0ASwgFYkdftMVFiR4PHGly2R7VAaUrT6SUd_XkKJqPEFfMRB4cFECBlrOikw1rn88VlzDkmxyGdMuynjYx7FTcuaRRawjP1Kdw1ZWCW_ULEMdQ7sgNmeT3z1K9V65EW-rTf9KhsIucscO8hVgcP9ynuZzMXd-PQrACRTzDWI9m3mHBGGRY2dcVW4905Z7OL08az_zT6OMP4gskPHRhDmUEaV5_DCWgJ9irkomIX-Tpz5xBpBQv3SybiC7pQ7GFLq14tEqVPD9JVPuo1OJP1tYCHyR2Q5q9oS2WXOyrlwCPUt8qDtk_JfeenhACDZ106RU6wKmREie_9jUjjmvZcvodH8gHB1ZWfzgF-4-tbxZzhsuRNUUc89a66AyO8PCUgBsyw4OUkKiDhyK9jan76hX4HGYMe0iESzB_-y5HYnlXLAYFq1HMl4eXjGx4xynjSE7inesEpXMiJeyvVjPeIdYhFkscvaEFtqVwIABg3xJLGt_eZutzMA_5V&xkcb=SoAV-_M3QCRVgAwHhZ0KbzkdCdPP&p=6&fvj=1&vjs=3
Hadoop,https://in.indeed.com/applystart?jk=b0c345f377f86ae4&from=vj&pos=bottom&mvj=0&spon=0&sjdu=BQ1fOKU6SMjz57AxXCzG64DDplm6SwWjHcxyoDIphKnSrJf7NGUmGz4RoYgcOiNTkN0wkll9wDHc3mnStM4Hmg&vjfrom=serp&astse=ee270c7535ee5fcc&assa=3916
Hadoop,https://in.indeed.com/applystart?jk=593fb92bd54d307d&from=vj&pos=bottom&mvj=0&spon=1&adid=410486324&ad=-6NYlbfkN0C0E1kVSxZWqg_3rwn6zUnYbszXdTQpf9L-zhTFANv_MEy3-TDTKIO3vOAnPNI9rvvfn5gaYPX2_924qB7eFmpsm8NasVaF9QxaB-c5uOkTlnQPCDAakIXHYqO33noK3kPunvaVUD2voh6O9kCqYDkPbGtQuNEqmMIQxQoYjoAjXat8M_8BDk06TAu7NGRnpCeonG0SNuvjXHnINgBVOq0GvrM-6nOj5rbFXMyAb_U0JhFBOATjYOoOnpBE6kEnGbuylV87ZNlotXd2BaARj4vrNrD-c9kT8TNDtXP8S8RC_APE7pC26d0JFv8yzZo3VM22KUN6UTcg-7yQU_fZWIksfvVdr0OR7d2EyrV80unq6vx2E9CubpR5ioLt3ri6nCDUwY6zW7-I_bB6cDg0z9ZH2QVm5KLiy3ATezPnkoyhZA%3D%3D&xkcb=SoDk-_M3QCRSwrQHhZ0KbzkdCdPP&sjdu=YBhEfo5-1-BCc4JYsYsKDykR8jE2y63mQ4Zxbw6uq5PRkPPEiRpdDM8kilRqAcTU5mw3U5BeWqssvh3LyYiD_XP8elkEFdB_fylz2kVAxLo&vjfrom=serp&astse=ce8ff88acf4abbf7&assa=5828
Hadoop,https://in.indeed.com/company/Medico-recruits/jobs/Big-Data-Hadoop-ed8492a41297c4c1?fccid=c72e2d7f5f426f9e&vjs=3
Hadoop,https://in.indeed.com/rc/clk?jk=ed1219e2976b9da9&fccid=8d25321c1defe73f&vjs=3
Hadoop,https://in.indeed.com/applystart?jk=55b83005fe1128f3&from=vj&pos=bottom&mvj=0&spon=0&sjdu=BQ1fOKU6SMjz57AxXCzG64DDplm6SwWjHcxyoDIphKk5DlV-8bqYkL9iNWOkYdWXkN0wkll9wDHc3mnStM4Hmg&vjfrom=serp&astse=d7374570996291fb&assa=5079
Hadoop,https://in.indeed.com/pagead/clk?mo=r&ad=-6NYlbfkN0BQyPcpZZLW_jDM6cMHqT92u1t4Qr5uOUQyR1qn_cpJgG0_htV7a66Orne15MvOQykjkTmfoQ25qRgazZXkznuM7854k_fkK_6IHltFxTxz4jyEvs5OH6z7tO5wvywwflE8TlvrrwACbZQbJSBvM1Wu4a44Oq27BxACZ1pT76jtm09B9J1zSfeymapWKQN2l1bfZZN2Jdak3AxxorFvcQ7WNoOV1NxU97Doz1mifKLwNfkcK-3mi_DCqsdzR1c8UwS2ik_GvnaynaAN-u7YB89JrIJiEhIo-pHA7iveJ9ZqFgxAL_AEg6rqi1ZxsLE7kAZXJno0jZ0DOW6atBIGBOurmkZGopVzhzH4nZm7ndcrYpLo8XPbDrtG99uL4GzoYIeakCwvXbAGcLYfTUAcyVXnVyrVIOHDeiI7mcuJaBwACpBwwMZ-IAsMMz7GpwBvsQ6tSLunRlMpGnV6wshsQ7yyGe4lzFYuZCpj6lOBlDZ1xl0PKU6GAYevD7l0wZhDE28BtLS8s9U8aNDnHcDCDueZH5-VgxpV-X8=&xkcb=SoCh-_M3QCRSwrwHhZ0KbzkdCdPP&p=5&fvj=1&vjs=3
Hadoop,https://in.indeed.com/applystart?jk=c5adfafdb843e265&from=vj&pos=bottom&mvj=0&spon=0&sjdu=BQ1fOKU6SMjz57AxXCzG64DDplm6SwWjHcxyoDIphKlMOJKGMh9nrGxwARWg7MGLkN0wkll9wDHc3mnStM4Hmg&vjfrom=serp&astse=60c6cc56f47c9431&assa=8604
Health and fitness,https://in.indeed.com/company/altLifeLab-solutions-Pvt.-Ltd./jobs/Health-Coach-6e95e4fadc5e19d2?fccid=4ad56aa47929d3b8&vjs=3
Health and fitness,https://in.indeed.com/company/Fitelo/jobs/Dietitian-8216fe96de7350c1?fccid=f08e3eeffb861bf5&vjs=3
Health and fitness,https://in.indeed.com/company/Dieatto-Wellness-Pvt-Ltd/jobs/Content-Writer-5c9c5e100975ca82?fccid=b837cb17335d1cfc&vjs=3
Health and fitness,https://in.indeed.com/pagead/clk?mo=r&ad=-6NYlbfkN0AVGwZnP1eQK0xON47TE07wFiCKzTOcdHugy6qBf7J7V_acrJ01s-XiCSNwbistRiCPmtjE_x-fzTYNPtSUfosNkhD_1ncdmY0Y39xk-GVWxdOqaGLlsG-AIw0nQ4JLuPZ3XlENmzGgZEJuXJmpOVdK5APrnmsZFndmIybMCTmtSCMuV0mXiHy6akm6RYQWrSiTzkZXPntG2-Ha5af72TZ09uRDzH33MrofkDqsmssgeC2UuTx858tY3PxknWlgWnR8TfSTaiy8qXQQ_Y19Iek8S50OC1wjF_rpcjdgtsPYyr3aBYkpqFBYRtA8tlk7HFqftxBCJxFm9YGn0s9R5hxvBLEta8eo-0gUCfN9GxAAqqQ6BrcRmTE_pOF5X6KKcouc4cwvb6TKktQAJeIuZ7qdg_FZPFx6ko4N_2Lyxw9AnoNBr5C9D8vNoIkyArkJGxfSRGrKdq9iXqqWy05cGgb7qF0KBhejfHaFdConyl_2w5SiUznFO2eGr9qpuPYEI1vAYOVHlx4URNQSv5XHuUZ1ywSWWMjfBNeSEuMxcBbzXvmR8FArlMEm&xkcb=SoBi-_M3QCRvw_SnWh0LbzkdCdPP&p=3&fvj=1&vjs=3
Health and fitness,https://in.indeed.com/company/VMax-Wellness/jobs/Nutritionist-cab75f68650a4b9d?fccid=f8f149bfd7ff535f&vjs=3
Health and fitness,https://in.indeed.com/applystart?jk=609e531a84d3ac0c&from=vj&pos=bottom&mvj=0&spon=0&sjdu=BQ1fOKU6SMjz57AxXCzG64DDplm6SwWjHcxyoDIphKnC1ZZLvceqUOKGX_MuPb7UkN0wkll9wDHc3mnStM4Hmg&vjfrom=serp&astse=6d38512db7a8ced1&assa=166
Health and fitness,https://in.indeed.com/applystart?jk=a4e552d22aedebb9&from=vj&pos=bottom&mvj=0&spon=0&sjdu=BQ1fOKU6SMjz57AxXCzG64DDplm6SwWjHcxyoDIphKklEaxB-xBGyD1bg5uf1ZVKkN0wkll9wDHc3mnStM4Hmg&vjfrom=serp&astse=4f728762ec1d6030&assa=1396
Java Developer,https://in.indeed.com/pagead/clk?mo=r&ad=-6NYlbfkN0CiUk4Vvl_A-4l7980gaWawVCVd_Tng5C5uMsR_qvUbIxL7bP2erGI2MSJmQeVaME4N2brpNIMZAZFaqNa8E1K09Um4hj09o4glkEGqQyAt-TT1TuaJVvETzMdz1Z_NqdewyAIMx8A5JgmwAVZDxXe0sg_jIeU0F-uT6HZeQZlCO04VGtAMlFw342Nkx3U8NR5ubCDdFRqgZZwz5oUnnct3UruXmG3yOEimOGvp5h6orBD5TvWHsRwp1bboZJlDYdofKZhGbw7z3WD5XtXz3Nze3TSd0J_diWGrq9NIX93tMG0ZtYFiySNVg1f74KZGL1giGOl-Vs23cCjyAsPqVuiN4kXH2vuDn5xpX3E7aNytI4eiDJD4WOWcuDrhgTANeVMPCtFFL1HctIR-gQNJ93nH5Sl-SkxSSWcwJc0k7ru3v1fsfIrlYCGkDsXGl_t7JB7kJO2hncQZUHp9AJ3xBjjC_amVmS5zO7kYq_Q1U4xYITR8upupoU0Dq2BzNB2VljICtdHANLbAxg==&xkcb=SoDd-_M3QCRrysgGET0LbzkdCdPP&p=0&fvj=1&vjs=3
Java Developer,https://in.indeed.com/pagead/clk?mo=r&ad=-6NYlbfkN0DZFbejrI7NPZhHMXtpSx8g4Fhw9eKLl5G-2s5c5vGBQcIcw3rq2IZvNvwRYZCaTTI4LKkLTZ37qxbp-U47CNJigNHG_B-tTZou9NPT5zx4svLVDFYNkiHEVjGsbIToLmLWwJqcCNecNtPegnGXpG04xB8uluUfWO9yR0dV7XA4P7-oLMZzgCeNosPYl3-VSg6f3O6xh905EgQK0aWOwt3I1ymL5JBDb-iuh3OT3K7JZ5-Lp85Ao1PP8Q5IWQmOQmPVLgF2R3c4ewOObyGBrTu4TZm2Pq3VYBS1tv7i0416pwRixmoF-8nbJge-GoKC0neQE84QSmVWt_sBg38zWTV5hMI3o9lKn-6b6UWshKSbR6r34O4w7rcjnQPwffwdHqbykEDFtvLFLMDVPFG4iH3w8onnDmf2GdTsVjP8jl1KZ4chF_ZCmSyouqTmaLTK8h0gG_6hlkrzKmUeWydmLh1WHZRrz61SSfyvymUPFNwCXcjXVoZuxateCQldFlm9oqG8CYiZp9ipODD2NIFpkTCF&xkcb=SoBp-_M3QCRrysgGET0KbzkdCdPP&p=1&fvj=1&vjs=3
Java Developer,https://in.indeed.com/pagead/clk?mo=r&ad=-6NYlbfkN0AiVphkrx2tXYuLAa9Iu-Q41R-k6S417swQn7fnfmvXMLI0Nlcyw7G852FYGAiYCTZxIYxWrrVyz3x7sLRBplr2DOwPZKQIuSlMcLkDmrekfPk8iCKqz-QmsJsmIpT40Uaq8bef39SWHbprjtXevvgI2OE2dea8_ehU6EnzLLXdIAXGbfpFK-0Y2jscglFFPi8nY_eEs32Oq0zMIJ1lqrnptkxxuadvmU0g0XgeDKjOMqBKZbT8lAFhV1Nwkh_P5XjHVdtu_Wk2NFbRcuxuSBUJKABDfFmwdiwoXhAFQl-OPoRg-ptl64tOLV18Z8unnbHFFwGiwGmROm8Z4Hrzq6wjB85MdSCiyiEEKmujQPvjxy55OG8zUp2OnfIqfuW0MInBTL7nyBRpc1kerczoSgPmrlcAcY7K_Vyzh1KpCx-3TyhdT5AUuIcFrB5M1ProcwGt3aJkbDp3wRwPzF-9fSAE4IuqoOOMnJEZgM0uM9ssseDmtanWjGcF5C2LkUeQtK_yYqEQPAHqtKtCW6T85zg-pkf_19OPWGw=&xkcb=SoD0-_M3QCRrysgGET0JbzkdCdPP&p=2&fvj=1&vjs=3
Java Developer,https://in.indeed.com/pagead/clk?mo=r&ad=-6NYlbfkN0BIMhxgNqptMgQvMDHbfvA2LMdppb3f7xcKawnC_EoDdIls_n88KFLJcmatgNxuprU87nAHSlXPUKfBzRxWt6ZxolmBnXVofrOi7NGcQpTH-ypDty0cGUn40Tk5raCQtgv6GK2bgMZVML9aYoSiihwd_5ZkwBKNPGLIcL5BFEc4wmr7786DWtIPK2ggpuH8CLNsAIqsuNAnVvQnwLqbZhC0qf_55QRJT2OlUXKyV9YXozTvui0LuBQUuav_bXeR8oT12RPPXTqfs5ldVkCugYeSlFSg67-0g1tSzKtKQwFQjEjIkMzdrKMN7ZbpFU1gGlqCJNRI0PwS6fyL8H13nL77vUA_NKy5OLKENtWWjL1B3CA_iCasK_rV0iE8DDPLTiNec75aRmr_zqZvnL_euktg65D2OzMcbuAKjtHsru93T29tiQDjzHEEmOhzyZZcs1nNSgpe09ZQZ38KA0XFAxrSoI5TgKkbcm7yf1rGdaTaPi8XgRbjGcPH6tleDhY6p5oSWNDqOnGhVw==&xkcb=SoCE-_M3QCRryvAGET0LbzkdCdPP&p=3&fvj=1&vjs=3
Java Developer,https://in.indeed.com/applystart?jk=38df0834ff40eb8e&from=vj&pos=bottom&mvj=0&spon=1&adid=410624903&ad=-6NYlbfkN0AVWeNfaNiPzfCKoYXoD9mFviPgBB01Js0CjncoI-sZu_QwFbPzlQkLBXN6O7-zKuBh-tBwCn0fpd8Kie61ruTQhp5t4h6MB0quNKbz_ourvWmkrO4evsFFWQi90C8B5EX1PWtTSEB7hIvpEFhk_ud8KQ6BpMCA-_8PzlaM-quteiNymoQwBn4osrBOD7MmzYVR0aaAQUbfFWE_yINKAgdmMIRZ2kSZWWjtjc3mQuAoHzdAj6ZHk60hYgM1dx09htWYL1af6clqkW4thwnywgmWhc1slkrDH3LEfXO90lCoWv3FiiBIIjvTpNRljG7iw5RUqKqSneC_ZOotYh6m4B-PzmE0i6VP7xHIYARDAX3xlw-HOHxZ3mMRtByODTPIsY1YGvdRTsOz2Ur7gdBGszNQLgfPJD43-iE%3D&xkcb=SoAw-_M3QCRryvAGET0KbzkdCdPP&sjdu=8aKTnhAUxh5ENd4kai56snwIT7uEATNrNYIcKiJGWcVvbyaxCxO6lby2pqC3f3H2&vjfrom=web&astse=4cba55a6076783a3&assa=2131
Java Developer,https://in.indeed.com/pagead/clk?mo=r&ad=-6NYlbfkN0CPLKAPB3yxKuRq4ncd5RTzhIL8EME8vDjAtAzwGHMszzdWjGyggn11V511q_c3FId-da9vEdexohBOs9ms6_-mSwTHoqSs2qas5tUI9_KR6NVf4UF7wXRNO61d11dQu84SpHgmqx6Lkc8eWJcpX8ZUzdK55OAvtXCPP5FiwLTPNTJbCVsZgerUolEtWfWC-pXlUwtd5VBMd9dsrzaZQvvoeZcAPwEBKanAFUzJjLwGCybdcWkWZABfaeMMqxuSWw6p-3-07NQ9Eb9KXO1caRrXmrWaX4wQWcTElq6V5z_RRrbSD2yZLIa2BTlt5WzT4ONkUh9titTwEdNAU4I9AXz7S8L60XRxDYqnZ_oXLiI0b-FUkt_no2_-BLazVptT5ECJaPKZ_9QokK3lbvRu0IsmEVTM8njpwdTdsTbDk9X07c1j_GscTfpdA72aB5vBrd1cfZp_hzfvsoM49zhH4pMDCipL_JS7HcDyJRdQgwgpr6MFt06WdCJ0s1em3RnsFA9ePrO3QCQ_EGRktkdcqoVy1-JSeMylze0=&xkcb=SoCt-_M3QCRryvAGET0JbzkdCdPP&p=5&fvj=1&vjs=3
Java Developer,https://in.indeed.com/pagead/clk?mo=r&ad=-6NYlbfkN0AU9Oy1yfB5dRjXGw95NjCWrID7qnYE_J8k2jcyoQUa52uvqsqV6-C_EkO31c6921l7a2OcRJVQXGTHRdFVYSgLJ_8b6Yp1-jNe-zBwSmjNL8nG4fvXPSwbpQKeEhkpFf3GVVOlZcuYjB6urCqNdoLBeoj8G6ZvayHT3cqMrD-MP_EQBQ5TmrlKLPX8m8KLPhA7gbQZ3dy8SVG3E6cqlIi_juOT-Y5Sksy8FvM5kJyUHoSeNutZt3fg9u_4hoyw80hWr8zJnFAQaRDTam0LjNZTH0gW79NpwaBb7VD43ms7pKBq3Mn3xjS_xHFjIx04QIH97O3Q6VHsD0l6xGYl3buqide_-CGkGTmznJBUR4vTxx83NSBVcmUrXrvczKy8R26hduG1sFKAZ2VEvLZbtXV7nOxvgXM2DLzWx1q8aD0Lgby94VrGQVKiv5f5T7i1RJLsljYJ7H6m-YN6GXYcRpU9UteD887BxMXk6iEr5_G9tcKaBX5Ee_15FrOrJnx0jPQoIDF6xDhol5Yv2Bzj6ijp371zxMdKU48=&xkcb=SoAZ-_M3QCRryvAGET0IbzkdCdPP&p=6&fvj=1&vjs=3
Mechanical Engineer,https://in.indeed.com/pagead/clk?mo=r&ad=-6NYlbfkN0BGahnz6GXRNBz--Y6DPWADlaCG8SpLQQCOSBrq4ey8uRfVki5MMK_O4ra3iMEx-PXnhrAr45Lg0iLGoEwmfX_ptDXKyJ1IjB2sYk68IEuN7lbRjeXpz13G6YPjLjY7eYk6wS07tjEUfDtlpXXxFC2dnMvF49fGYU9cRBUb6rKRdAbZC8nrEjzDVU7WOyg2NDfxKDsRxrqcSmgmOhLp5gg8MNQ4_GdvZR9HsiFMUUtGSAvo8230B3QnAvA436udPkQhdsrTqxjtfwW6gBUVnrwza7WQI0h4T8keT_wgc-Q52M8XiH-dIiEhpsOKYPEoJXGgj_YWPnUXx_2Lzhmm_Lct3Dv49MHYFsmAbVJQv86qtfgaxzN49De-s9Q1C4V0BVhQPUkRxNQpijLl1aLDHO-CfYim_zYLsVKokPTweUf5K0sW9n8FICIB2NUkqhLhIBTWoiUQQWCrhCvCMVf5kUVC8B3cIKDuKySgMHpC-K_rxk_NICLxS3ReXKf8XMF2w2_2YlRFeFpMfuaWgg_lipm7&xkcb=SoDD-_M3QCRo0CAIqL0LbzkdCdPP&p=0&fvj=1&vjs=3
Mechanical Engineer,https://in.indeed.com/pagead/clk?mo=r&ad=-6NYlbfkN0DjNIrhiIyzh71hIHoMdc3kIEgJRYADOwYR7IaTQozMuAA5wuPgFDbUrJSKfceESCp7Pxkqt0AW4EISNccoLyWd-sCR2WXsx2yascgx9a7ndD2Vffr_SN1aLx7UWFemIj3R9xcr9_1mLrNyzeRG4VBG1ncY63Jc6tpTb5HA2Dpcm6iH05tacA_RakFjPoSElo-rOcwVx_QD9OBe8zXVGWOg03xqG6ZsBYfJKi9aLjGqAIJBDTo-KmuLmHITyL1g9hRK91oopREpeBgqLdhr8Bc91bSX_73qWpRj3e9jSVo0C13FmYOAQR7kSrhlf20-_vVZvT1ZJLUQX-CGIKGrSyppFik8t-hQwi3x4ueJ4Nxkopp7iixhhkMKwIkyqJ-qcMpVNXstiPxeSLpiBqNqY7gssk4qMa_pJCNsEM85drE9aRn4VLjBFBMa_BxcaaKXvJ7WCJHS-cZkG5JFdlYjGmf-I7-NEpdqZuy2W0OuMwnDYLk6VKsRfB0tULW0W1_yU-zFPXNeSCBsow==&xkcb=SoB3-_M3QCRo0CAIqL0KbzkdCdPP&p=1&fvj=1&vjs=3
Mechanical Engineer,https://in.indeed.com/pagead/clk?mo=r&ad=-6NYlbfkN0CVACvozZJwddXiph6HLXaz_LJiz556BkzTexX_4OI3iu4sx2xl0ieRSc8Vze8YgtJJMNyjVeIbNpfdYU3XcG5nALbS2OaG_hYvpqHgjGrjMnFKFYqaag-CIiITl1XG6Oq411DiS3u4ci25rcM0-98lzM-wkBZRi_a4fBtBu-oRyzgBav3kbzPc0041RYyxnvRT5FZpm4M7SjwVoJx-nBqDUGicw7-DMmkGT77J4A3sOzJFvEq_Eq9qt4Af-oSvHocuqPljhocjEu_UC4sIF6KX2tbHcHcDCIzMB29u3OXRmjp4ZUrsrR4PY_3zde4b9klpylZT4toTGqk-SwJRETGu5FoHPpjCb7A45dAKxxANs7rZUjlqfd9Q_3sheGObtvrRMeC5nbtxhOl3r-AvHPs2EbgAxvWPM_2dwKocChCOT4i1eL5mj4aPFQ8yxd0k9il3xIih7_ffTWidh1Ql26A5ia7mOiQoV0w2KbWS1R9krL1W0GF1ynV88C_oFMdS9pYJojFHhophulMgmFbkj6YXgTAghU8uxEDAUrlpLycwyQ==&xkcb=SoDq-_M3QCRo0CAIqL0JbzkdCdPP&p=2&fvj=1&vjs=3
Mechanical Engineer,https://in.indeed.com/applystart?jk=bfb6ac7c2a483514&from=vj&pos=bottom&mvj=0&spon=1&adid=363382492&ad=-6NYlbfkN0D1HrGvM3IO11DU-hdc4u4iftvEi0SlREeNwZASq2ihTw1OyUwQHweFYxnUKMnFMotVqVNQNH1KLb9d4GYQJ0-3u-oSANH2jFYDoD9DJrOrG7arHiDGu0aY9QFNYA072WRSbLW8Zx3J2vix7WfVmO4ns4WDcXdC_FJ_G75L1wFI5uZSz1VjixHk5AjmDlbov3NXcRC0NgI6gMAVGx1SlZCJFraR_iDwCf3Z-JhF_PNNt_0phSLG8wPzN7xWjHLqm4Wt_VTQ4N4qaiqs5_4qNcdxVq-3-rX1KNOb77ezF67wOfsMK0B3acC0uM9E2a6EV3CYvd0_-Vt4fvMlHvtzMzJgu4XTYRIhd8T4uwn3v9M-FkHDXjH8o8wIOFVWirFjQxkN1OSkQCZVkLqZj4UoHtI1&xkcb=SoCG-_M3QCRo0CgIqL0LbzkdCdPP&sjdu=ivvJvdUsCmHVbC8vzJb4J7QO7HpwIazNkozTlW8R3LUBeF2GKc4MlnBupEqo7Z0GTgPyBISd-eHBUW9T5SRytqeMZeAMY_5XM7HvDx5KHHLd_Q41IQbzBFPLZoh4VKih_kdwieeIouHC7_YINsF9OhLZcZlcDDXTWIBzB2wMc3KbMyl-IidOFqWaHmKdex-Y&vjfrom=serp&astse=82bdd2fe4a9565a6&assa=1307
Mechanical Engineer,https://in.indeed.com/company/Forward-Service-Corporation/jobs/Mechanical-Engineer-f4bafc05dce67a3f?fccid=d6f82f94410a4bae&vjs=3
Mechanical Engineer,https://in.indeed.com/applystart?jk=7f62df1dca7e3542&from=vj&pos=bottom&mvj=0&spon=0&sjdu=BQ1fOKU6SMjz57AxXCzG64DDplm6SwWjHcxyoDIphKmA2wtDqGjn0pb7keXn0DmKkN0wkll9wDHc3mnStM4Hmg&vjfrom=serp&astse=e8b51257fa5d0a32&assa=4087
Mechanical Engineer,https://in.indeed.com/applystart?jk=cfba5ba1852b6b96&from=vj&pos=bottom&mvj=0&spon=0&sjdu=BQ1fOKU6SMjz57AxXCzG64DDplm6SwWjHcxyoDIphKlNs37iS1f8GVmw5JJRMisGkN0wkll9wDHc3mnStM4Hmg&vjfrom=serp&astse=c843eef0eb586e4b&assa=5262
Network Security Engineer,https://in.indeed.com/applystart?jk=a0859d88f8dcac97&from=vj&pos=bottom&mvj=0&spon=0&sjdu=BQ1fOKU6SMjz57AxXCzG64DDplm6SwWjHcxyoDIphKn5K6K7ZqP4VGNvJQ044azQkN0wkll9wDHc3mnStM4Hmg&vjfrom=serp&astse=a5f04457861a26d8&assa=5176
Network Security Engineer,https://in.indeed.com/company/Curbwaste/jobs/Network-Security-Engineer-67a079e57b334149?fccid=64198a6a327b384e&vjs=3
Network Security Engineer,https://in.indeed.com/applystart?jk=21730fdebcc5a2c1&from=vj&pos=bottom&mvj=0&spon=0&sjdu=BQ1fOKU6SMjz57AxXCzG64DDplm6SwWjHcxyoDIphKncH9r0i6jU-9LqdKZPhupnkN0wkll9wDHc3mnStM4Hmg&vjfrom=serp&astse=79064a70d6686fb8&assa=9186
Network Security Engineer,https://in.indeed.com/company/DEW-INFO--SYSTEMS-PVT-LTD/jobs/Network-Security-Engineer-a86e6f4f14ebcd84?fccid=93fda3865cad6fa0&vjs=3
Network Security Engineer,https://in.indeed.com/rc/clk?jk=3d744ba91a08786e&fccid=94b49fc95bfa8d01&vjs=3
Network Security Engineer,https://in.indeed.com/company/Effone-Software-Inc/jobs/Network-Engineer-8276a1dcf15546e4?fccid=f018c54bf1832574&vjs=3
Network Security Engineer,https://in.indeed.com/company/Infotech-Qatar/jobs/Network-Security-Engineer-914b24eac6754a1f?fccid=daf017b30a4a8660&vjs=3
Operations Manager,https://in.indeed.com/pagead/clk?mo=r&ad=-6NYlbfkN0DWtjwMYCqRjsA7-4cp5X1Wg1Mosb-GZjhW-e8VSFNVcSb9SRYjsA_7ZNRtqdIU86A1nVyNXz5W-CCLaynYyyN3f46k9lKg85Ff0CuencqF0ylg4jwx2P4_79_Mhag2OTHAsJAdCkZ-zjVPng8CrDpxANJk_s70cr8V3sXWSlWiylOTnxUR3UAzfkCWxLC9RB2qTX_twatQol7OKQ5Jt1am4IRc4KtiThALGR93Q2doec7AwkWqfjDuL5Bm1Q2w6i1MXFALFyk4ILTXnyE7gKJIpuRq4Ik9ETmPe6wVsLEYvD4Q5GYcrx7gSPsUaV1rRB1g-SyiLawIh0n1z2OeM-PYiwLzltvmZiTXVH3pKkC-SK5jA8bETz9segP9b5UGWSh1qRFIOxiVNqRmHOHdxBWQQjrTuDvUQtZ0R2D3cqsTwapnSPgl6cPUWOinv0pT40T4MFZCP08KCvTPd3nd_TgD3aPSfmz97NASK0-O4bnU54KLoKZO-zs-DyX0_69OYXR7jWviBgfYl73hYjuee4goIzMPHD4eb68=&xkcb=SoBu-_M3QCRkBQSFoJ0LbzkdCdPP&p=0&fvj=1&vjs=3
Operations Manager,https://in.indeed.com/company/Zonopact-Inc./jobs/Operations-Manager-68f92090343934de?fccid=f916a420f8834644&vjs=3
Operations Manager,https://in.indeed.com/company/Equity-Capital-Advisors-(India)-Private-Limited/jobs/Assistant-Operations-Manager-455711584cfbf796?fccid=ae3a1867f660d8eb&vjs=3
Operations Manager,https://in.indeed.com/company/Biztrology-Ltd./jobs/Operations-Manager-fdc64f0f12a72e85?fccid=ef3eb870750fd2a6&vjs=3
Operations Manager,https://in.indeed.com/pagead/clk?mo=r&ad=-6NYlbfkN0DVKxS0r0SaH_QyB52BxxA_IkivrBw6hJ2T5MzyZ-5hmeyPZc2521YC-wg9JStjdbRaXabutdb2JmJ-f8tgI9wZskFyxG2swKlanJhIHU9lXB3d7bKBgTugekOywynjwb8MykpoDGrFcf2aFggFVjUgqgNIDAeNa5ptNyUZrnwnJAsWopOtJkFvn9Aeo2qCfUca9dSiqISrZB4I-T8LK2A4LYEs_Aa15J86HBVPyv9aH5Dj5VtkiIYqNWWtetNjvD25NUnTNBsdwsWlx0_jZtcz5rsvzdcak_y71Z__XCK6HGNOyRazDlUbztXMB72rxwoKIBu3aTtLJh3IQeuxdpSssjMnCaK-tPGvuBCXuHQSAK0xdZlcJVNNVTyy0O_TX3Z7ryg9UHb4NmKrsyf1bc2G7rOyn-I8nzzlE_cTRxoJScoeIx-eyJi_AY-co4va1i3AYDIOrR5mN17nzs9DClPGElkoIP97slCJ-rww_kbQit9tSg19QyCxgMRq1aCeqEYp5gOMBjdZF7uiOhdkhwROx__G9Me_PYE=&xkcb=SoAC-_M3QCRkBQyFoJ0JbzkdCdPP&p=4&fvj=1&vjs=3
Operations Manager,https://in.indeed.com/company/Common-Vision-Technology/jobs/Event-Manager-4f840ae40b767ae2?fccid=fcdb36406a9f4212&vjs=3
Operations Manager,https://in.indeed.com/applystart?jk=30651e3510c47ca8&from=vj&pos=bottom&mvj=0&spon=0&sjdu=BQ1fOKU6SMjz57AxXCzG64DDplm6SwWjHcxyoDIphKmooSgXlMYX6556HdYe40GkkN0wkll9wDHc3mnStM4Hmg&vjfrom=serp&astse=038306a3d2dcf8e6&assa=8156
PMO,https://in.indeed.com/applystart?jk=38c3cee7d8dba9cc&from=vj&pos=bottom&mvj=0&spon=1&adid=391652093&ad=-6NYlbfkN0DIXU_djF9v0NrX_xbLRwj6RWFeuMEgTY6VvwKgvleOVNkZLBY5brOMPl_aYGto6wwghXM2tFVLX5_F99NNSqcgmLfYGx3H6gnKL4Y25srKfOz_MNEJn5tWGt4CKqPEyYjYjnpGqsBaYKs9XrwOQYuw_rYQkoa8TNdtnaAU-gz7i_EXjAh5HYu-iKX9or1eewIdw1CU8mugB9_sjj1ggEhK8liITq6Y7bhbyC0B4fERngQt8LzJv6PjGK29dJ2mv1mTwSJXbbMNjNNgByxQAHjTJf5B-xpN9ox1nN9FmUYU_os2T7fT9KLE48p6zGzYEr-FR1CrItfWDNBgyD9X_2luR0vwgK7i0QWPpE4s-IkYFpfclFJGkpGZQjT9i2pXXnAADtepi29OUnlEodqKYpWexOzh9jPvpV6k6NuoxLjTxQ%3D%3D&xkcb=SoCk-_M3QCRhfwwFkB0LbzkdCdPP&sjdu=AplRbyslYqFAqejPydiNj6GGCECFsfaGgUt_p9tqkgI5sXtRemJSB4wXcm5AilyjJhFzv8EZqpEg2k_XvXbLzEqSJGPfmKhwPk9un8z7emruI6CgI-eW5pK7OciKZES4KsEpS7UrS5jqYLb33knycw&vjfrom=serp&astse=554df82bbad82c05&assa=7519
PMO,https://in.indeed.com/applystart?jk=7feab9865bb6736c&from=vj&pos=bottom&mvj=0&spon=1&adid=395352563&ad=-6NYlbfkN0DIXU_djF9v0NrX_xbLRwj6RWFeuMEgTY6VvwKgvleOVEMH6N8XB8ugTc3UeC9e-vK4371l6Gj4_XbNSB4PnJ069otLhLRlpMEOF0cT7J1CidaUqMVnyYPAGYGjms6vfoczWaQNifgAxR0T4TR7QYeun3R3sF-QySDxySqPVmDMMOzoA1DjL8MrJbzsbKon_zQqUY_4iila6GqVpPsAg_POElkVfhHzl36kS5bzBk-nlZvdv5uSldgYsTeWUa2toGnYvWoirMgwNhtO3YHH-I7iIO_4HRwHyqm7KbntMMZjR3NPpaKQJj-NTIWV0ykKM4TZuTjbFBXXpQO18RtRNg1-B7ePzGUn9yWqayfxxfVqnlFoYTL_XZcLAZIZC7ymPUe2HpDRV2A3ujC3FAmuS1P2f8OtoQK_rqVoX1XSX-QZjA%3D%3D&xkcb=SoD9-_M3QCRhfzQFkB0LbzkdCdPP&sjdu=AplRbyslYqFAqejPydiNj6GGCECFsfaGgUt_p9tqkgI5sXtRemJSB4wXcm5AilyjJhFzv8EZqpEg2k_XvXbLzA_38O6uySKZZtaqNa5IYSMRRmvPWSsi2OdAdu_iOmoF3Afudwrr6EHflWYq1DXA9w&vjfrom=serp&astse=f055b1a3f2bc01ad&assa=9292
PMO,https://in.indeed.com/applystart?jk=b6b943e374158a2b&from=vj&pos=bottom&mvj=0&spon=1&adid=395352563&ad=-6NYlbfkN0DIXU_djF9v0NrX_xbLRwj6RWFeuMEgTY6VvwKgvleOVEMH6N8XB8ugTc3UeC9e-vJiRckDgi9TV0VePnDXCDuRfydNuhtVxl9J8gGjx3pwMlM1x0X67iLJKAm_7gEE7qdsjBHY2Y0QR4jHyFCwZzgYzaZLQLPb3B6nBE2YlhQyNpdyrE6avKK8Q541QW-uX7dzwROZYp0FhkWMRL7OHJ0tjWWEakLnj_o2VyN1rWZ_Wb2K0zZ7kAbDEQeJe245aW1jP-FvPng9LCo6Ap6yJG7y6IbUntenPT0ynRpSVjfUxO-F7EW2rfJFoXSqouIzgun2Vo2DVbZqAbbt0E42eui7TogquqjWp82ZPEE8lORcva0ccXK8CjiSITCAFx04DNoLniOqLPptkFIWbk4J5x1td31ZRc0IKlbMy1wAeR9Ovw%3D%3D&xkcb=SoC4-_M3QCRhfzwFkB0LbzkdCdPP&sjdu=AplRbyslYqFAqejPydiNj6GGCECFsfaGgUt_p9tqkgI5sXtRemJSB4wXcm5Ailyjju0HGlMVhR0p6QvMnZWN5poDEDbExQlSNL6DR90gN6LOHbiccfQXwgj_OfCNuSVirSKtIf1L8g2plul3DRfcNKzGtK9X763Pd4HOgSt0Cbg&vjfrom=serp&astse=21073a6979dc62f7&assa=838
PMO,https://in.indeed.com/applystart?jk=f6728085e1fd6b51&from=vj&pos=bottom&mvj=0&spon=0&sjdu=BQ1fOKU6SMjz57AxXCzG64DDplm6SwWjHcxyoDIphKmwd3d31-b3QUKSVXtxE6GJkN0wkll9wDHc3mnStM4Hmg&vjfrom=serp&astse=c4fef6e5391a31ce&assa=2120
PMO,https://in.indeed.com/applystart?jk=bb0753982bdb083d&from=vj&pos=bottom&mvj=0&spon=1&adid=410462280&ad=-6NYlbfkN0CnNttioZixAnW7uxslGLzvbyIraSljA5hHPnftdi4dkAZMHWBdrXaS2tAfqZ9si6AbnZ3qJml9MICX3omtP1c8owcRe6zxqhixH9sN_kJDh-kuB6Pj6lpNPusNyjI4C9bq5_tdWLggNMRkOqPVC7J4cn4ooju-Vi0TtsjcrCpn9T6UzuRjCLOeOJp-2eY6IpYrE8fDbWvg7VzudlHG47StdM1HzKswfY6QjDLXFRekM2PoUSleGZQZQGRPqYS6XjBHnpM-E4hZSlKQ-4MDrYcvduAXy6spsSLL81QpYyPMR9-lNb9uooohBGgEQDhmPAzM94sqW76E16_qoxLGBWuwdwIWpImeNUCdP8IOdevBzDMwD40aSskytP4CJfc_x6mEppII6w33JLDVWmHC_Gik4dxvn7QMqwQL4hBmK1JnTw%3D%3D&xkcb=SoAl-_M3QCRhfzwFkB0IbzkdCdPP&sjdu=zN5Mm9dYHUB7YzkkrXv61fOST8KfhLT3obF_AAz_7eDDLt2t5yGNxkgPnSm_9nLG_UZlpNXOOshtseDH30mZhftkEgh-cB6mBiEl9SLYZ1I&vjfrom=web&astse=ad6a30aeccce4196&assa=3730
PMO,https://in.indeed.com/applystart?jk=f9e00e4446b82d24&from=vj&pos=bottom&mvj=0&spon=0&sjdu=BQ1fOKU6SMjz57AxXCzG64DDplm6SwWjHcxyoDIphKk8mF8nfrQrTSAB5Ut0gi9jkN0wkll9wDHc3mnStM4Hmg&vjfrom=serp&astse=fd02173f292bfbb4&assa=5412
PMO,https://in.indeed.com/applystart?jk=3e1cf57c2e153522&from=vj&pos=bottom&mvj=0&spon=0&sjdu=BQ1fOKU6SMjz57AxXCzG64DDplm6SwWjHcxyoDIphKnYIXTFFElYZ8asNWAS1_hjkN0wkll9wDHc3mnStM4Hmg&vjfrom=serp&astse=2695fbdbc92d79ca&assa=6723
Python Developer,https://in.indeed.com/applystart?jk=5fb4f3f0cb98ebf3&from=vj&pos=bottom&mvj=0&spon=1&adid=391652093&ad=-6NYlbfkN0DIXU_djF9v0NrX_xbLRwj6RWFeuMEgTY6VvwKgvleOVNkZLBY5brOMPl_aYGto6wy908IrNsYyheZJb4geOWduHnZGuJ6IcUurk3ou0nT_c8KcdKg0zRq2WH0WRfL2Iy_bXRLHKwKXXXtWtnCnN6Xq5H5BB3muoOhsVu7Xrvv_37PfRGo6WNr2yMleX8mlyK1tdxqoHmTCPEucYr2vCaatqcXhJB9qbxUEVnRHSucaJ8B9WY6dr7OqTEYrdygzU_kuewAgcWa9k08Dpi4QXJQXYQuKHgCbkJxl-6a7f15Ukzg_geQRyPVzKiOUmc4VMs8xyLg3m7IooccmiqTzQvWaGRYSp59eiATFQVHcZF81O2PVX-EqtVMyqh7VIwyLNfL_5Uaei8b6Y9e6OzbUDAPLe0UviJR3ReqXuyFOiD9ERg%3D%3D&xkcb=SoDe-_M3QCR_MiwHhZ0LbzkdCdPP&sjdu=AplRbyslYqFAqejPydiNj6GGCECFsfaGgUt_p9tqkgI5sXtRemJSB4wXcm5AilyjAqIiTf3j6sZ0iuxJm55zh2Y1y5blRAHU9vFOrWXtJBvhFs8R8gWa6COwVWCLC69Y9owAEa2u-3z1BAnD3hr-jA&vjfrom=serp&astse=704e719b71a5269e&assa=6738
Python Developer,https://in.indeed.com/applystart?jk=c06d93be92d3d987&from=vj&pos=bottom&mvj=0&spon=1&adid=395352563&ad=-6NYlbfkN0DIXU_djF9v0NrX_xbLRwj6RWFeuMEgTY6VvwKgvleOVEMH6N8XB8ugTc3UeC9e-vJB6I-RR1R7cEZ5FTbvVF6gHlnyYvJq0xlEqHfcdmYAF4ULtNKx5HJ0fzSdjpik7LJrNNI-5ZR3dYsRV3bAmNE1rYOmQg4NuyeLtIwVj-8P1T5e06P6oF08csX855EKp7Z3XPTDnwbCsGMViVNgzT3tQIDA_CL6QLokl1vStkC4Jk_gTkL550B3AkKCQiStRH2WqLT_4q_3D5WcXmAJfB5hpcj4THBPUGPdpO7-7xn0ST9n3Ocx0FeZW2A-k0MFBYRJ6s7lx7vKi_6dRZ1Ddn6NawXbiwE6o5gEkudlufQ80kagUtoeyC08r-zvkJXt9DVBBLudfIXaAW6S941OE6g6jtIkoBj9rqa6HxsKbfGmeA%3D%3D&xkcb=SoBq-_M3QCR_MiwHhZ0KbzkdCdPP&sjdu=AplRbyslYqFAqejPydiNj6GGCECFsfaGgUt_p9tqkgI5sXtRemJSB4wXcm5AilyjeBVJ-95HX1zIGA3jqLpC-MAdaFs7na_TtUw1fm-nuZ2Sw3vZdhWWfi9WO4Ljt4Wv-AHHtcjD6tmZgx8YVwTxDewdgAUS-6GYonpWQjkbIPMYAw51vVTIROLC-_Rz3ZKO&vjfrom=serp&astse=ed9e083ec23fc15a&assa=8482
Python Developer,https://in.indeed.com/pagead/clk?mo=r&ad=-6NYlbfkN0BEz5_YEifrsDFtq6DfHzM9iSznBHLrj38VpLojcyVa0G6sIqKwX8Mm8uHDGEG6cXzWgZJUYmx1FPkSd0Ba9aDwTGyDYfhTQrDWx3B3vFqFS5WEYsdXjafwHSpFJFpUqpPPz1TpAYnpcWWEWa6keD_UTJU4Y5dX5LJypuWCLkP-1NDM1FNWYkXhtecOnP1ju2DCEbWdfRq5W7gI-IzADEe4JhCEWc5hPzjbMsBBv8sufpl_jJOmaEmdaTzObh_0SkENC0xtu4SsmqLZIJLAJDbi3p8k002Zs02NmbRhKigOW0i28gQLgFzmhNSF6s1IwseNioPmw8KOYn-mZ6ID9C3_4VxZc6GulNkaVkl87tEf4ELqz_PBiWswpR54xdd1Ozkj9L2ekn-YBMi0yPhExg0KeFjUDyH1FVNSIgRRb5zp0_g-_tYhezdMgL5maDJ4a2nMA4VmFibFI336FhxfpWi7WZ0Uat2q3X8qzFnxr1tVRmluNX1RU2w81V6_rVvyX7FSZ0W-qEJdCn9xq_bmeT4L&xkcb=SoD3-_M3QCR_MiwHhZ0JbzkdCdPP&p=2&fvj=1&vjs=3
Python Developer,https://in.indeed.com/applystart?jk=256322734d559994&from=vj&pos=bottom&mvj=0&spon=1&adid=409715663&ad=-6NYlbfkN0DaDeacnyAcjR_xPF4_AGi9kgHcHfBbAiGbTrdK88lQNTyJZipjE23uyzOLYrsKjxKWit6ZCOh9RO8I5vrBqMJIUIqylvBXHSxoshsa1_qCVjsKBf7UjncBSWrfJfac_HzhANgD6avBxgxhHbOVj-nd7uiwsFlc3BHm7_pLUr_PXdHwsUnxLXPohtM6AgCf2_VEP8k9Ozp4aThN1dGMptslm9H9VLuBLvYDDncQvNd9H8gceTvDC-XFmEa-QPP0StCPDpVcwEilJf31GmLrliF1iBIn8dRCyUCStw_G09o0ni5op8V_ftYY_LuBg2kepHHl29MwYhd8OL9hevgJzHtm0eW1FA8CEdgJQctNkAZl_0VGv9ZykE308hp5diEm6qqxguBnKh-jj6pWEXRy33r9dEI7KGm9Y3ugxLQVhDUeVQ%3D%3D&xkcb=SoD3-_M3QCR_MtQHhZ0LbzkdCdPP&sjdu=0ipEIVQYM6hmuEz2goSgVWsUd8bIWXfVvGa9fk88uIf-4aNUfiTyoy3dDmzjip2gBlD20axrJGklvhZc1bc0KtNbaxbtp0juN3OKdZmEXUvgx0Q1GLZTWckl0dfMtmam3B9UgXXq_sk89LQPKAsXEe8VL_6CKQXOIGzqrZJINIEoKKG025YoczzQ2ihuxMxEfKy4iIZZ2rVa5UQo40DJ68Q21juawl9fjy5i_7MeZDqGaaaIsrIaRGnm7PFUI4OLzU_MRZbUP8atdW0Bq2HS6HfA96JrrWfyEcBmt-yRlEFY0R14Sps3cIWm4xlBNfmbVAUiP-pLrN613Cmrn-q0AJjgCpR52UNL7cdSqc8nySNpU8CeBnNUxSw8wCEGFonqMCGl9CQ81P8s6uNEqFKljbBo1qpeolk5LIonhIFitTP15Y4lkfM-T9U0J8em7NIP&vjfrom=serp&astse=ff648bf9d85bc73d&assa=2942
Python Developer,https://in.indeed.com/pagead/clk?mo=r&ad=-6NYlbfkN0BE4gMKhoVeFmnEjOQLzKhUNpsaJxJ-aULcIZWO0D2eDxuvAafsTruDbplJ96OFKl9fKfQjMVgTxJFDXxJGvXhkb66oCevT4tQf9iJYpuF3yD74tXEiysgppqIouWwEW737dzU4pDfc9AVxi1vqBVN9SIKBQkwiC-OotJu9YQv_7M6GAHH-hjZMINdO-3Kjc4tZIylJViwit3AYjHgxU8-N9N5nlq7Bmj_pqxpaCIaQUcc9X5RooHITeM6FQmhDyJWpq5pbX6XNRYmrD63uPPvER52_EhxLvTGNjUj7RnnsVxklD_HYCBmNvzeDohq752Hkeb50Zrnr76bhza20fZtUpzLUGHvyph5eW1WCOtjQl-A1wN6ik0AYksJbnHLIrpfD7gjCak9mGkAlYKChqo4GwLPOJ7jQhHXKfFA8vy9iq3fVAKQ0-X9wYNK91PiKgH62sg_JPg2wleNRWkAOcNZz36JhdZw6bEvB6J9bKVnN6PklKZtIKfm7Lc1wjs01KESB2bFnoBVCT5iapxZ4JH0peVHt0XpKwrjLVjDRP4fMuQ==&xkcb=SoBD-_M3QCR_MtQHhZ0KbzkdCdPP&p=4&fvj=1&vjs=3
Python Developer,https://in.indeed.com/applystart?jk=c59440a62c1f6007&from=vj&pos=bottom&mvj=0&spon=1&adid=408291002&ad=-6NYlbfkN0AGdmKZseIYqYOl35aJFl4WlKMRqIFedkSz38D2TX_TzpWx9zQrGUXG34oFAbLQBViNQl4fhSE5wpUR_3WZt6iQlcBu8yriKHG71oyHdBEVtFhF1LCPkB60PgJjjcgtVaD30EhqxZ5C4SA-TelrXV37JcZThjLvENcmYsXP9cm6HF4NXrkzdKD-Jam6af3z-EItHM9HodpiewUpESEn6JScDmjeoz_c-josRQFe6k908z2h63320Qehgik9aOJ5StKz_pJqxSWUZ2RMSDXkHt6Xa7gna0J8eoYeZpUwnwkJO2-9dQlGiJP1wShSdjSOJlmb9OazbEQVmiXtM9f0esA11Xvo53XQr_-6gtWOrCn_oObRq-Kmm04nE67FSDn0e-KvmeT2t89pcJ1lkymzLJ6WzoJIvA-x0vU42T5vERtt4ll2ea8oxRR0&xkcb=SoDe-_M3QCR_MtQHhZ0JbzkdCdPP&sjdu=sEdj3pzpKBaoE5aEmpFIZKATFZy_rZDatZmogiXr3uTWlpUnnHZ9_iK9ZGph5Go9yoT9LTqUFFY8VLAL-MNDVw&vjfrom=web&astse=cf74a73d7c932897&assa=6550
Python Developer,https://in.indeed.com/pagead/clk?mo=r&ad=-6NYlbfkN0B_fblsvCyYzklIR1viGt-MxyFDWKFfkG-oUlCXWAWWW9ocEOGWJ4U0X_HMRKVOC7IjCrr1uneleqJZQCYT2IELmir4HbL6V8s28nr-GONb_md4_L6ygGBcGkBLC6vFinG7XlyRmHeFCDC2CmKx4qUAfs_vkmKtOSow6U1ZxsMaVm7Xt7xRC6V_bB3UY8gosfpb5t-6xoif3s84U6x5N9khrkX0w1qjETTDWyQbfJjJ6yLtf24AE3Di5iOBw9IipX1-SmwQgy6LSQZZmTYOE8q6isjKtngBXfv1PfNmWiTXZdo9p35YXDOGM6duOJUfdDdU3wmVzGNUNy0rtHM7XKa32p_zi164pxBsZi4OZdR1oYblpdof-80--J1liL8_1uhlRaqyN9ndhEYbVzT6m3WbW0oiuVuhfcNJwzWIeq-vaN3pRKlQ_o3GDz9hqBSUKitV-k7pjlG41pgM1kJmzcxOh6ECyWorXxNW8HAxMtmyCyL3Ug0hjR6M6cKxK9xJW65dU5EJdxDf7eV5_R1WMn0Mv37e1UYy62HeAnLvqs0BiQ==&xkcb=SoBq-_M3QCR_MtQHhZ0IbzkdCdPP&p=6&fvj=1&vjs=3
SAP Developer,https://in.indeed.com/pagead/clk?mo=r&ad=-6NYlbfkN0DmRBG0-n5EMo_qhnlxLI7Dn5I68Y3d3OwkuTCHbzqxpnh5fS_h_5h7fQlIdVDX7ao0co-0O2epkM1VT16UYWQudenKbB9R37sw9io0-q6WvWAuVtyO2808pPE58s36PvIK7JzyD7lpUZY4zU7coqb9ua21BKZwbMEwIviF3AOE6zJf2dla5o8LVgn2hR8D7s3pVgZvyyMV9vXTRlBBva6HjLiqMcWJtEZvm6eJkqH9L36hSMRvReDjik21BCehPmvtbM2Di7w2bNEIepGlDoADEFcIEwJ_JuHJMrWNlbJT4epnozg2eEBkidDAKfRh-zhITOZTrYn1f1WskipyC3aNxmB8MkpEaYqje0uXB2GTaX5qETsNrbP9OpO0QZwKJil7JOHocaFg4_HnnLan_kCKryMif-ywfg7Vjp7SVmcHhefGB-vB6qpIgzEkGUb6Ik4PO58WB5V-XXNOvqgFwg77NGajSLHZQYRsA1AYOokBnZaaNxJ1wgEyc3tIoA-L1czTcQpSyhHG482HxiRNe6s0&xkcb=SoAx-_M3QCR8SfQNJZ0LbzkdCdPP&p=0&fvj=1&vjs=3
SAP Developer,https://in.indeed.com/rc/clk?jk=a1f9e44c31316b9c&fccid=8d25321c1defe73f&vjs=3
SAP Developer,https://in.indeed.com/rc/clk?jk=d491aaa60bb1bf1e&fccid=8d25321c1defe73f&vjs=3
SAP Developer,https://in.indeed.com/rc/clk?jk=758ef3de496cf88b&fccid=8d25321c1defe73f&vjs=3
SAP Developer,https://in.indeed.com/rc/clk?jk=53e5807f583c78dc&fccid=8d25321c1defe73f&vjs=3
SAP Developer,https://in.indeed.com/rc/clk?jk=abb217d26006e096&fccid=8d25321c1defe73f&vjs=3
SAP Developer,https://in.indeed.com/rc/clk?jk=ae5fe1ff591d24d2&fccid=8d25321c1defe73f&vjs=3
Sales,https://in.indeed.com/pagead/clk?mo=r&ad=-6NYlbfkN0AmyW9rF1Oqf7gpbkeHOEt4iACB1SAEIAat4_Uz4gwFn0TvHoMGcwe6gakYGqSZKtn250dYIANeztYwIxikWmUEtY0iaDb2IfNkiI22gDzfsICZA9Rgop8mlIfhP1iKSEmwYEk35kgb1h4f3-uuiRM3xDWvvhp21Jjmy6jf7MsJqTkX4TBogePJo1lPAmuQTy_UoU6aLMLYYRY6zWD4G5l8RZJnNkMvT7FXO-uwubkf8W7RaakE2KJ1mo77as8qkk7go3YX_flc--GPsz6Z-MTII_khyniwTeBUY2T9XZ2PuhOlsC4GTaf-K74iupQTQd_ES6ITa6gy-ezqKAieHI-QwAEO62lMi0MbaJpmametuWJCrXs1MZEhfBueG4FxK3gPNwzGo0awdGuNqkq8JjULZDW13ijiqOMV7ouTbHlF6ZksRH7Vs-seoaUjNJHlboKTd73NuQEsqd2LFZxU_J87asLnNsM_c-V_g5VZodZEiBb_YyRxuSSBobFpg20b-bgIezHphxsiXQ==&xkcb=SoBe-_M3QCR56MSnRh0KbzkdCdPP&p=0&fvj=1&vjs=3
Sales,https://in.indeed.com/pagead/clk?mo=r&ad=-6NYlbfkN0CrgS45VybsjYAe_XjsPe_8aLrsRF-Le340fU1ztGj1WHFHoj7R7Fz5lJe82PB7ngbwEuDU-4umRF4D09Eu4yWSDQ_x-9CaOFYjfwIzldVI932e9hgQ9t5qGCNwv8puaTZ4Qqt9I6PddXldjvk0qYWBzFlurs-mH9AJJhfhY6ue2x-T70zmNUKo1ei2_mjcz7eVBmRivcoA9pH5FP_XhYt9rrbJOVnxHHkp6sCvdBZ84zqdfLpwnebMxNpqya1ATuUqWTBiNOU1910Qsm_YGb4PMptsrzWzK7kC4cpIhrbNTYFgor5ARCYC2gi0nKI1e3uinaLU11BuvdMZiTe4ElLFDRseGhSJETMdS35FMJJyxOxhjJf0AY74uwfkfuqTuP94jdujwxyU_TnjK_JpIoJl-OJMWqZRUroHenjt7duj3rnp2AEhxGJzN42z90mTL1He9hLgjJYJeYrGIQ9FhoOYVKSaQ1EIWXIDylklzmO9AXWnYOWkHaQQ3BvxpLxj6wI=&xkcb=SoDD-_M3QCR56MSnRh0JbzkdCdPP&p=1&fvj=1&vjs=3
Sales,https://in.indeed.com/pagead/clk?mo=r&ad=-6NYlbfkN0C9Zp4k1aK6JO3-a1eapAtzCbTzMEMJMO1PZbaLGxqpsuDBNEJreVCF4xpwpUpZfsk7aaLFgrc0zScK5Y6b_AG69tT_0Kk4GWdZUh_H0RbR_8dMWCkJqFl4WfUNIqKR_w-aVIEGQoNd5W11pSLgOEU5hmtIOOzsdfzV_QaNxp7Y91wVvTvfa5Ng5mR963MHkupsXjVInGnuroiQv4rA8YnYIoF_x86DBNpuE3pQ7RHJWTiWJM58flUL44ExRkCr5ZEiK7awr1zMhuJLi1saUMtdNLrIRX7hSvXKIx5EcEihoZ78zistS20i3YC2L6e0f70H7-z71bvFOqivrPAYzCO5BvOn6IsaMCkQ1QgJ92msbJeu0S_8LjeOVDAaMH1BCnogri2fJfJYPeAePE2shbtOQOKhMf7cg9pWpPzXsyw1US4wZTkHTH-rn3MwUXgf3i7_HUHWEfmahRhLMUxt5K9DBzT56DhLXLaTdbLCD6mDq1RQPh8gEeriDZZO3nHl2ZY=&xkcb=SoB3-_M3QCR56MSnRh0IbzkdCdPP&p=2&fvj=1&vjs=3
Sales,https://in.indeed.com/pagead/clk?mo=r&ad=-6NYlbfkN0BWGlcUyJWivOGTF0Z5S_O6lNZxcCXUyWMJjFMLDdTtaN30yMQiT_DqeqxXg5kPUp8CJUsaWeGOzVz5fFuQ2PaAn12ct904kyHm6aNGcxtQdLDvcFxlbbVXRtY2x_9lnIIfTUBqEFp1Rf56OBqvQkoJNrRGdJqC5LGo5x7i_zPrdzfr4N67CVajrmt-cDVIVr2HYKC5OaOOzUzlIbJQpeZPhmi827czZy-O0ohLTaCyhf0j9T6b0greIac82Cqu2MLf2l_ntqeBVj78PyvpFUK_LQJgB6Kv5rHNjqNFxRD6D8IGFQCXmjE-Yxm2hpe_iKgwfpd9CBqerKW3AW_3dI39q8wcahGn65OO25KZDZanH2zzS-hF4GtNoU2fQicJCanTqXWD_s7Ulz09sXMyPZdNTMYC30tGlWhLqlEjrVplR7fQWEpndBj5yAspWdzLuDuBoOyZWvFZTK-4ifo_yDgNC0iAaLaymxKMBLk3oBqFVhBDNYmsmg177g5LRBBxbCzQkwYxz9w-0w==&xkcb=SoBN-_M3QCR56MSnRh0ObzkdCdPP&p=3&fvj=1&vjs=3
Sales,https://in.indeed.com/pagead/clk?mo=r&ad=-6NYlbfkN0DeVLTZOJ9TqYdhzegx2r9QLroq9VfDbyQa0mdMgM-Di-G07qJdPc0ERQN0HjtrI1Tdc0X2MqWnQ26QGjFKaA4tTdx8HI9nm96u9fk4lXtTtDsUhJMJM_azT9a8Ipg-4oWCDmClng69CGZXHB1Tjl6HNFpYniO3lJK6MhV0bOzCLuIhXIImREBQNlkAVYkv9iAG-uxwKy5hj32ZGpeGeVzkynzt8K2s_sIoOjN3W8_QIB9TlLAAhD_J3pupr7StbCQMvnqT6X8cLeHce8WuP8sfa5Zfeu85KsX2MAr8liZSyNIvVX-X8zfIzgDWXOIoWzXL6HsdR7Xfk-COoJtN1aeRYuw5af_XFddoA4PbDvfTUsFQJ15aWmsZY3ky8VmbKyUxeyT-FAmeytksO4n986f8ggQOfRhCOtizzkc9hcuGGc0qpi3z8Fri9xLc7fjCMsfTTkhbyQMlGZ4gd2IyejefuPi0KNqIZz3sqN4SrUNnNF-f9SP1_a9PWCo9KAgGuVV3KOxs8lclDw==&xkcb=SoDQ-_M3QCR56MSnRh0NbzkdCdPP&p=4&fvj=1&vjs=3
Sales,https://in.indeed.com/company/WIZKLUB-LEARNING-PRIVATE-LIMITED/jobs/Academic-Counselor-8acc86de97794b73?fccid=22c352432954fa6d&vjs=3
Sales,https://in.indeed.com/pagead/clk?mo=r&ad=-6NYlbfkN0Ae2rSAwDIx70SLL2WQrpEEjgbsjGTPX2vZzzSHxU_zmKFmnR-T1pKh3aBOTnNedGnMx1EjkxbV0tb1k1fOOUU0IesZ-9G2K_jTi-MY8n0vwJ9ewoZ0CgzNmsBZ4ynpzDNIx9RqAOme19BMiqqliK5FrqlCipEBlKhvbicCdQZCYG8sCGojmjWWsGzFziUtw6Jc1ZHeCGxmCNQI42TuyqApXAdJyQtrfez22W8j3TwPdhkS9XyRqWhYNBDMa01zvPR2cDVnpszyMjqCKmsZhyTWZe3o2-2vEyDiQDMEOv2JpjwDwNUxNoyk6bEieSv8vuW5xGw3Y6PbiqUgm8ryI730mNgW7KxpqpAqwQYrGhelbIWR4ryXnxnS054n0MzFjGdzkD6_x7S38oLnLPWlPU0eTBWtzAvDihE7pGYdKBsvonvhP8rbu0mIOAV0yjbnCBQm7vwg2CYhf8OZD5_uVcp_msV_UfZh_5MN-RQc7Xx0Pl4SjS-XZuQxewjjBrob_stlLmaDzs7_3g==&xkcb=SoCv-_M3QCR56MynRh0LbzkdCdPP&p=6&fvj=1&vjs=3
Testing,https://in.indeed.com/pagead/clk?mo=r&ad=-6NYlbfkN0ABjzyOMRNGJXLHgOBqCQaYugxxPz1FAf3GAGWjANAI3vkPvEnaeg1KfKXwdZcyYdEu1Tv96nV7yhdFzgix2IKRmbKKZT4jfC3JlUbhQMhcOjHTOG96FbHSFDLx24fE6AdFQt7E2Z-4PBFuGdh_c2EbnDixgKj_dW8sS9aAQDP4_4wIDIhOpKC1YoXc8VSH_1wwMPuPDTGGvi893agNgLmCqfqsPIksslVn6MrAlZU3yfl4_rpjhOYIhwR4gDPhFD8pSqsN3JSgFM_dXOBTWuhQx1Q810yHJIfOSt1h_hBhm7j-Sds8nsKZL0AQtElxJV7AA3o8BO-FYBvq4TCBWZOrK7fdaa6-A-8m-k1blvkFJ6bwbFGfZFwBPCAUrGorB--73j4cuhecoD1XTGTTpp6acTLSiYPYFBVtxPYOmdobtwEhRgsGeCBQbC6Kq10l5N4Xseroidy0yM-gfz4UXhRKI-x8wQQQ6DScaZoTTjfniu2CmiBYk9xvHwmZMSO_C-s=&xkcb=SoBm-_M3QCR2wswHHp0LbzkdCdPP&p=0&fvj=1&vjs=3
Testing,https://in.indeed.com/pagead/clk?mo=r&ad=-6NYlbfkN0D5mXFGwCT9lo97i3gsfTR9iTAPBTm16RjVfbVH6M8QHHWZXGq8N5ykkgKTPmGEg8DlgXCUNWz4sXp2xBEZMcmy-pcN89fJiwXGI3W9SySyKuioMOWdLVC6p6qAJXdq14nWUJ1ek2HRUW4lxbOV4vl89cf2jH5tuTU3fFK47sCKeC_Y6R4PVsYjBQI_UWEBgW07eFCA5wv3POojGAMMTz-xy5eBbiPMhm-ExxyhZ_mVRxSF5Aohs0qolOc3ATofvaHl1kfwkbVNhLPk2f2jO_RiFwB8c-u2RuC9XtpwXXI1Jk0whytnub_m00JdrcUGDxHKg_jkyd5QaNVErkIf6Lusclsi3SCUnzU1xkqQ-neV6xAZWfdN402xH__7y2WEu-FVEEUTl-wkjL04aaDO875_7jCwuXW8t7yS6sa_HSUwV4ToI9qr6Ur9jzFWfUOEXGwoVNBOXIqqpabOqxEvsjuH6ekQe5jhpP8TjVbD5KSzXCRtIuL5DxWdPaFdgHjy1nCW7_cHM5qhLq52c0Y4YP5EFIk2YSdqm3i230DJiRl9iOa4vFbN4D4YKVYLs4FSuiBr9bNQVBt2YQ==&xkcb=SoA_-_M3QCR2wvQHHp0LbzkdCdPP&p=1&fvj=0&vjs=3
Testing,https://in.indeed.com/pagead/clk?mo=r&ad=-6NYlbfkN0Bc8b5HjZAe8p-r-iTCIwCtX01EeYkRbaT54kiIYoO1P7t0Fde_WzAupUf6Li_H9c7_k_qUA3bILbgeJKo4-bKwsj52vERvILQUe74pMcN1BItrTUpSuF1qSBxZUXdgoi9SIYw-9y8c1HwM55w-ng3O6SY521QCEV5_bav57Ydd59XXqQMJttPtvhOae1GBrSwYRWxYaZpWoet4qGmbRIysFfToE3D8899PRBZo2WJ873Gw5JcfBJo8cs-AdyKcsTvKhMYkhyACG0033w7dhxeRJopyH64ohWuxcPbGGVvE-9hCaVskCIY4JD1tjKXeRobdcfj5mxafXf5BlPwraj0k3F_YP1ctW8wBnHnPf2xNvOVwgv-sg6GyREWcg0dUyt--w7HrqnRSkVZAuBCLwYTKSrdj05bAAylXxa-dE03drjNVC0H1CaXhBo1yFASyI55hPiYMTgAPPmV3inJ6Ax8o35Ushz12NCewKuq0lc9qhSeGKaB2zs_ONUQBofvUnfh2XbTSDhPDfQ==&xkcb=SoCL-_M3QCR2wvQHHp0KbzkdCdPP&p=2&fvj=1&vjs=3
Testing,https://in.indeed.com/pagead/clk?mo=r&ad=-6NYlbfkN0BPuFotHbuOkztW7Hy72t9w9Kd4pBAEHEzrToPrH-xoduUYDKtj2dpmm8BR4TWtnkUTnURsfHQLtwsXsX8sQh_cqaj_rHy6LVf0n9TzuAUJ9xUWyqc6oRMCJbVgNWdN53kScBNJxqpg8X1qGEjKDPTnC9MFH7rFWi1zIq3JeFqQSeBLscY4CdrpGHYnvKfQUlEP2oZT6NPWcUvk7MdaX5Tv5a9XG2_dVic7PmpSB0XX87jzIKUe0jrrCFYa0HKrkHmjJX84yvl_NDS8EHenNZSU6Rq6uBODGzwr8hxeUhmkvKkp7GI2nUqtYypswIg56CKDuY11sIK7K2e1EvIO4zjDXKsL99218z_Vbry9gSzgfgvE53WcvLdLw-B4RWbFQQuwEHt1OIM_ny3iZKcqUz_aU4rax2d6Pmg11ser1xrTUm1srhtOX1_RE5UU7mQguZkjMoUXDU4GmrnQSZVdhwCwyKo9jA-Z0mQdtwTSTBo-tYUQqKgJYOLU0dS12C0tX3BI0PsBp60usHr66ADyehu4-D8hKTvqObtZLHs-iGPuyQ==&xkcb=SoAW-_M3QCR2wvQHHp0JbzkdCdPP&p=3&fvj=1&vjs=3
Testing,https://in.indeed.com/applystart?jk=08005b82065fbc9e&from=vj&pos=bottom&mvj=0&spon=1&adid=405392129&ad=-6NYlbfkN0CplfP0fMVa5Zi0Q9eSrBV9a-RPkMJuy4ofFjWE5uZQESSoP_bo_TUdmZHHUshw9SEPW23-FL66IIqwk3536lS699WpTtS6Mqsnh1ZH95Yr7YuGdsEDr8gWSjQhEB8CuDNEsmF9h2zUeSeY00BMaJ6ZQQa5ajUd9YQKQTWPE4EtMLxvIcpeY3ccStBILET3YKOuDsYPndyeH9Yw8SB6LxdpKo_c33He9U7LaRfzohFmfsdcKX--Si-U-GcFYciPUu6F_OwDnndUPhdPO0cIL72dyLXHl_L3AtyLN8rLlJuJPl3gTllqpATp5qQ979PIL10ftnke-gs5K2g_TmC0ejl3aunsjAjf_86KR_UpPe3jhveo8_ZM3-UGeslhhEAhKFb9qXtDMia1PWqkaxAgeUvRYLEX2FSulfA%3D&xkcb=SoBT-_M3QCR2wvwHHp0JbzkdCdPP&sjdu=QWF4TUFyrHvH7u082A4fa1iWNlWmOqzSyl4x5liNjTA&vjfrom=serp&astse=f03ffb58c6e6f84d&assa=1767
Testing,https://in.indeed.com/pagead/clk?mo=r&ad=-6NYlbfkN0BQyPcpZZLW_jDM6cMHqT92u1t4Qr5uOUQyR1qn_cpJgKsc1oifyI98it693e5v6AddOaVYZ_p9LVlAPdUCuxI6YHEfWLuAUfwAjoP0KLBMz1zP4qhCED9zJ6zJhC4YMogto39TPRVfb1RG9gDVn7iDBNXl_ddpITpYRktRkHIZGWBXeWNWxmxcO4mTH87OPK20sr5kEBWfmKQ3VEhGxY_2qH2_-wstMdp9E8_m2GeZEqQFHgfenxrQuyopJnZQEIuk7MX6I97cOON7ko2hj6b-VX0fpaIgBrT43zEsnK5hzGUmFkVA2qFobj9QAyAC1XU2bwdh5jaQ_lDbY5mZOYM8vnF3Y-SmjHd5dfJrJ6AuRJ59b_j3k-6V_43bkUcgRqrsV6mO7e7yiAI_zsXwU_tzGEx-sM43mAOf29f1SUlGNOYYD0FZ00arHAov8Q2NENyLdz2gN75Qj9zafwFDCvcHZ0LKvb16tlB6sR75I-_anfs6C5czc1zLaqySIBSO89fX8oc0q2q8PH5NGQE6_VvP-kL1AwRiq1MXmjo0Pn_SVg==&xkcb=SoDn-_M3QCR2wvwHHp0IbzkdCdPP&p=5&fvj=1&vjs=3
Testing,https://in.indeed.com/pagead/clk?mo=r&ad=-6NYlbfkN0BIMhxgNqptMgQvMDHbfvA2LMdppb3f7xcKawnC_EoDdIls_n88KFLJghpNVsrIEfUIvbBgBJ-W4xuTdxC9pnEAwv4PyNhLrMO-iy9OMigybsW3AJmg1tZZFqOXLb7FSS7t_SeEqNdzqCzH9Oqmbk88IAF9xPlSLWYaz-14twdEN5Nzkb7MJfjNzrDj2rfeq7MSvZfrNGW0gs9RbWz9zBkqoPbRGTIAwh6pmZf-vIvtrVVhLxpTZUtFsmR1SGvQkAZPao7X_bTvSc_fjWNZ6sT7rX8SX5NWKcWzXUW5Ux99XuPRJ2lawM3Y3NK--KwiJva7_QqV4TvZjeeTDEyjq2KGrytUUOmrk6At1HeGWt3jIcIYzyhFh_qqJlPhP_RT6l_71oAe78IIJNLVEawwubu1ZddJrGJLghfcgtP6g5QdgZNSCab-mVCOhXcwRXDaQelFHao_uvG4nZQ89TU__Ng68nuh9M2Y44380NBJ8JYvhGLGPjuiDQByrXeCHLTxCXU=&xkcb=SoBp-_M3QCR2wvwHHp0PbzkdCdPP&p=6&fvj=1&vjs=3
Web Designing,https://in.indeed.com/applystart?jk=44e8685bfe2f7a1e&from=vj&pos=bottom&mvj=0&spon=1&adid=406826811&ad=-6NYlbfkN0AoVLuoyrGemxgJnEmejBOOYEBnYwRSlOZb6HYlyy--35l4N3PPrnvyoH_kKIwPkBa19HsaWmj8Vz4_o5XURM_kSfQqdgxj7ieWZ6j7LcnktU65_MnoCPe1Y-DwhOSOMb55YLGgNJ9EPoXN7K1L3icXoyQaNlYMx2ZKW_20MZ46Hc9H2XWUhLmP_iGaqlaRClIrChh7HtGpUzB0AGUJQ4Bx25TNarBFei77HVsc9UWYvK4Xsxp_Sbjir7B7Jhb7UTaur8wjes5lYAk-h9KTEZMCoIPwuakgBS6BGHvZaLPkkDJde3FmDxq8Hn2F6f4MZwGPYjhjzfolU8UXhXrsN-irgB_Aw3V0g0PiWu9Ow4aHzWSh8Wqi0wnRvtF_sunfoX7DlaZ_EqPOZBLwKw4Fkna-6ADO_vtuojQqU6ElK5AiZWBCZQuwGJ-l&xkcb=SoBn-_M3QCRzzUSFtZ0KbzkdCdPP&sjdu=0ZFwD5rbjMRcHz87Kzx_g52Q5RAkZp42jwFtf7aF-P_0Rc7VqxS5nMHtW_CxKdE_4wvXA-pGgXT_am8pLfbb2WQIrAe__2yipxW6DaOkvuyjYvow4qZZNL6KuaUUAnYRmd0BAeJCOIN3kaMYvdV1KaooYOWdPQvq0U4jqGAY5qZoxznZ6GlXUYA5G4TiF8o4opiL3qAuOHcoolkI8acpD5BH6SrTXc4WCe0gkEg8QIcohvqVToICdMGda83iQR4jQXLSBq42eiVsRbE5JfCIEA&vjfrom=serp&astse=40e8d3f7c199b0e4&assa=8032
Web Designing,https://in.indeed.com/pagead/clk?mo=r&ad=-6NYlbfkN0CjxIkUAm65iVK7RcxY5YHJNYrhEaFD2dNZgDNct8duGmfx7cFq17HsJiHvs1E2RhQo2xUQEkhk3MnnipRqEA8Ur3lTpbcwxBlifUoeGPKFDCKgTvZCLMLugVk7jZJzgfOZikwI8SvYhwLuTkYAuCrRaOxTkuml4ZEj1TUgax6Ry3iYp-9j0L0YhLW1Pcr1wP2_iGAv1sPIt5raVrama9oi91MiYLYsPa0yP5TW2bERwaRIKwukfL0wXYjPTPN2Fln326l_nJctpWae6ylnA2F6UgDhEo9qWLuZn77BxHBdkCeWNERTcORzbsktFqdAAx4ATF6MldBJOApF2Jz-aJbLF7Ofpp5t-F3KYEb-UWfmlweCPe4cB9WhvQYzGPWxktKAH8m9W-UW4TqYHClcc-Fdm38dRsOo9MMms_RFk8Jnj68tNUDq5uOQqH59R_xDdfjH92gWhkzbzUdDEAZmn6fslNTfTIznC578TzL5vI96qF77yFbqDUJ4IoI_SUpyzwSiH2K65Oy5Rw==&xkcb=SoBO-_M3QCRzzUSFtZ0IbzkdCdPP&p=1&fvj=1&vjs=3
Web Designing,https://in.indeed.com/pagead/clk?mo=r&ad=-6NYlbfkN0DroW7T0nq0YfQenpeAZqELfLhnT0CRhOMrwVyEDddMZzdpZOe4T9AGXC3nerV1-7coQ4ulaFvkHO4op1h23pudNaGuyrt0EBsqdox0OWpn0hKPuJ5IUuAr4rSb9-7EZtnlnDOXE_zCGF6DWfhmv5jUtVfeg4S0wqryrDXOvrZV1r0ytPUdOhWdU_uJHxEOIuyb2-PZ2P5edVdM9q5VPQvugJsOoQPr8ge4ZpKkFcj6sOmkW-QXC5gppunH2JG8AD-AbcInXYQLkkGdMiZLMFsFbF42cN2hQL8dB0G9sYioAM7rXJgezhOUquISAaXfPQboXKjL4OGOl5mE2ERNr4TDD3Pqa8qZ5fqdACOg-dzFtEfdDPODyHYJ78YDrePuVuxJ-jO23kx8OEkw4FqPXbZI1Ks6ll8MfFhNLMD7fcp7v9HHq8nVfdSfx6QKsgfjgN9bf0tiJ42hftk3fu_rXq3G1vwJUtjZT26gRd99rYqswzotYbkp9S-yYk52KCR5Z1Kj7IToR8G-bQ==&xkcb=SoB0-_M3QCRzzUSFtZ0ObzkdCdPP&p=2&fvj=1&vjs=3
Web Designing,https://in.indeed.com/pagead/clk?mo=r&ad=-6NYlbfkN0DZFbejrI7NPZhHMXtpSx8g4Fhw9eKLl5G-2s5c5vGBQcIcw3rq2IZvNvwRYZCaTTI4LKkLTZ37qxbp-U47CNJigNHG_B-tTZou9NPT5zx4svLVDFYNkiHEVjGsbIToLmLWwJqcCNecNtPegnGXpG04xB8uluUfWO9yR0dV7XA4P7-oLMZzgCeNPWW6uAN1g8fNVYmRDmu5vlOJcvFZ22hSohVMCBlWppkh43lYPTWhF2FtTcSYKDNF_T3xar50MnWm6BgU0FfhaVtuh6t_iqyNUyTWzqvPzTCcY3mq6WIfe4vcbc1UgxMt4ryQsYP9E_xp8sXdiTkQvsdVzOKv5f71t2fa3bgSSVnx_viEPTHtVTDlOEQAaFERKo5yWwpC3IiDqG5y-Jn4YyDjMSK5iWt8vr7cdFK0oJssL2oPihOmGFKybAkLNnUs3GoWgNg2dfDAxnrziAPPYn8ug4uHf_uhL7LE3KOzPTkZunleWevR-FQACKjF9sYJ4zW0ymqaFav8hGO1We5pWv95XSCgUGkM&xkcb=SoDp-_M3QCRzzUSFtZ0NbzkdCdPP&p=3&fvj=1&vjs=3
Web Designing,https://in.indeed.com/company/Manifest-Marketing/jobs/Web-Developer-240cc22c76525605?fccid=107a45b832a33e3a&vjs=3
Web Designing,https://in.indeed.com/pagead/clk?mo=r&ad=-6NYlbfkN0DATWumxcF55-M6pCzxueqkxyt6sJReh_5U3QIPISkiC688hLIyswUJ0ayIREYrKg3_TtzZj3QsXG1Xd58ewDG0P_MmV3W5LtmZDfSDI0bLKa5keuCj245va3rL_GrtntHxSMbEQjdAsmAdRKXsQn8zN5-JTo4WGZ_7SzC4RxPAcwGPKcyvw-Io3lmTc8RhAyDeCeLZzqWOM2vKj8KKYE7mZu61NUp84AQi2EzPQe1ygwySmZtsPyhoIyUaofuLrjmmMlT_IZAZc2O1sD1QLQ2UQAC3yfyduCbQeP9sGpOk4HRHzhPiY1nXEsyTWRRaQU3ub3k0dif6q6ZyHg6coMyDWHM2gC50iqV1sFRPjuACYvgYwzvx7RgEwaU4GgD5vRvRwEjwIK1PAN3I84IfQId3NowVkRmfesPO6xh1PEqhUmht5FJ5UGRbgbaCpe5bpWYOQdQ-1pnanHpRrRdCLAfyUQ7sWP_UAfCRKHM4_TLOghFjwVhFjA-6ChdDgdWV3bR9NLQbU1a7qe2fMx9_PDZ2&xkcb=SoAA-_M3QCRzzUSFtZ0CbzkdCdPP&p=5&fvj=1&vjs=3
Web Designing,https://in.indeed.com/pagead/clk?mo=r&ad=-6NYlbfkN0BQyPcpZZLW_jDM6cMHqT92u1t4Qr5uOUQyR1qn_cpJgKsc1oifyI98it693e5v6AcRqKi4CpWYpEgugNT3tr9SXCkG3-Lw8zYdSGtunxFQNKFnv4FFOdZMOq_tkIrjjvxohlM6LcqgD1gpUAoKvW7S6ZbZURWoOTa4bk6gjU28RIGhJiWK7EFFDmYsWW6Nlelk0UIPieb7m507gHFZhPiFqMJzOHell1gwUoviR4VTUq0geQYAT3_1NWGwlP3St3M8HG8OcGVPdwe-k0cCEhNAuVM9lCOVxW0lsTrfYDtjcDYH-80q5cFMfcQQMYOWEacxRc080QzNMX3ZifLJjiLxDNh7OQ05jedP6xa3Y3o2ZwsxoICxsINOlDf7yzzezT-RRiMybXKcf5mQZ0A8k5wbCnoGwpNA8TFAvWf1teJO3xnHadxNO7l7ELKOmhZSbYmme0BVyyA-M6LWGha3XJFyQ6jh_hRvH646KPgWuPLXCbj1QlxobsVMak7I8T5VcbVZq0ecm4pE8hw3_CN39kXmB-6TkIJkp3gXqPc7csIY7A==&xkcb=SoCW-_M3QCRzzUyFtZ0LbzkdCdPP&p=6&fvj=1&vjs=3
